<?xml version="1.0" encoding="utf-8"?>
<COLLADA xmlns="http://www.collada.org/2005/11/COLLADASchema" version="1.4.1" xmlns:xsi="http://www.w3.org/2001/XMLSchema-instance">
  <asset>
    <contributor>
      <author>Blender User</author>
      <authoring_tool>Blender 4.5.5 LTS commit date:2025-11-17, commit time:16:03, hash:836beaaf597a</authoring_tool>
    </contributor>
    <created>2025-12-11T21:15:24</created>
    <modified>2025-12-11T21:15:24</modified>
    <unit name="meter" meter="1"/>
    <up_axis>Z_UP</up_axis>
  </asset>
  <library_cameras>
    <camera id="Camera-camera" name="Camera">
      <optics>
        <technique_common>
          <perspective>
            <xfov sid="xfov">39.59775</xfov>
            <aspect_ratio>1.777778</aspect_ratio>
            <znear sid="znear">0.1</znear>
            <zfar sid="zfar">100</zfar>
          </perspective>
        </technique_common>
      </optics>
      <extra>
        <technique profile="blender">
          <shiftx sid="shiftx" type="float">0</shiftx>
          <shifty sid="shifty" type="float">0</shifty>
          <dof_distance sid="dof_distance" type="float">10</dof_distance>
        </technique>
      </extra>
    </camera>
  </library_cameras>
  <library_lights>
    <light id="Light-light" name="Light">
      <technique_common>
        <point>
          <color sid="color">1000 1000 1000</color>
          <constant_attenuation>1</constant_attenuation>
          <linear_attenuation>0</linear_attenuation>
          <quadratic_attenuation>0</quadratic_attenuation>
        </point>
      </technique_common>
      <extra>
        <technique profile="blender">
          <type sid="type" type="int">0</type>
          <flag sid="flag" type="int">0</flag>
          <mode sid="mode" type="int">6291457</mode>
          <red sid="red" type="float">1</red>
          <green sid="green" type="float">1</green>
          <blue sid="blue" type="float">1</blue>
          <energy sid="blender_energy" type="float">1000</energy>
          <spotsize sid="spotsize" type="float">75</spotsize>
          <spotblend sid="spotblend" type="float">0.15</spotblend>
          <clipsta sid="clipsta" type="float">0.04999995</clipsta>
          <clipend sid="clipend" type="float">40</clipend>
          <radius sid="radius" type="float">0.1</radius>
          <area_shape sid="area_shape" type="int">1</area_shape>
          <area_size sid="area_size" type="float">0.1</area_size>
          <area_sizey sid="area_sizey" type="float">0.1</area_sizey>
          <area_sizez sid="area_sizez" type="float">1</area_sizez>
        </technique>
      </extra>
    </light>
  </library_lights>
  <library_images/>
  <library_geometries>
    <geometry id="Cube-mesh" name="Cube">
      <mesh>
        <source id="Cube-mesh-positions">
          <float_array id="Cube-mesh-positions-array" count="24">-1 -1 -1 -1 -1 1 -1 1 -1 -1 1 1 1 -1 -1 1 -1 1 1 1 -1 1 1 1</float_array>
          <technique_common>
            <accessor source="#Cube-mesh-positions-array" count="8" stride="3">
              <param name="X" type="float"/>
              <param name="Y" type="float"/>
              <param name="Z" type="float"/>
            </accessor>
          </technique_common>
        </source>
        <source id="Cube-mesh-normals">
          <float_array id="Cube-mesh-normals-array" count="36">-1 0 0 0 1 0 1 0 0 0 -1 0 0 0 -1 0 0 1 -1 0 0 0 1 0 1 0 0 0 -1 0 0 0 -1 0 0 1</float_array>
          <technique_common>
            <accessor source="#Cube-mesh-normals-array" count="12" stride="3">
              <param name="X" type="float"/>
              <param name="Y" type="float"/>
              <param name="Z" type="float"/>
            </accessor>
          </technique_common>
        </source>
        <source id="Cube-mesh-map-0">
          <float_array id="Cube-mesh-map-0-array" count="72">0.625 0 0.375 0.25 0.375 0 0.625 0.25 0.375 0.5 0.375 0.25 0.625 0.5 0.375 0.75 0.375 0.5 0.625 0.75 0.375 1 0.375 0.75 0.375 0.5 0.125 0.75 0.125 0.5 0.875 0.5 0.625 0.75 0.625 0.5 0.625 0 0.625 0.25 0.375 0.25 0.625 0.25 0.625 0.5 0.375 0.5 0.625 0.5 0.625 0.75 0.375 0.75 0.625 0.75 0.625 1 0.375 1 0.375 0.5 0.375 0.75 0.125 0.75 0.875 0.5 0.875 0.75 0.625 0.75</float_array>
          <technique_common>
            <accessor source="#Cube-mesh-map-0-array" count="36" stride="2">
              <param name="S" type="float"/>
              <param name="T" type="float"/>
            </accessor>
          </technique_common>
        </source>
        <vertices id="Cube-mesh-vertices">
          <input semantic="POSITION" source="#Cube-mesh-positions"/>
        </vertices>
        <triangles count="12">
          <input semantic="VERTEX" source="#Cube-mesh-vertices" offset="0"/>
          <input semantic="NORMAL" source="#Cube-mesh-normals" offset="1"/>
          <input semantic="TEXCOORD" source="#Cube-mesh-map-0" offset="2" set="0"/>
          <p>1 0 0 2 0 1 0 0 2 3 1 3 6 1 4 2 1 5 7 2 6 4 2 7 6 2 8 5 3 9 0 3 10 4 3 11 6 4 12 0 4 13 2 4 14 3 5 15 5 5 16 7 5 17 1 6 18 3 6 19 2 6 20 3 7 21 7 7 22 6 7 23 7 8 24 5 8 25 4 8 26 5 9 27 1 9 28 0 9 29 6 10 30 4 10 31 0 10 32 3 11 33 1 11 34 5 11 35</p>
        </triangles>
      </mesh>
    </geometry>
    <geometry id="平面_014-mesh" name="平面.014">
      <mesh>
        <source id="平面_014-mesh-positions">
          <float_array id="平面_014-mesh-positions-array" count="66">-1 -1 0 1 -1 0 -1 1 0 1 1 0 -1 -1 0 1 -1 0 -1 1 0 1 1 0 -1 -1 -1.5 1 -1 -1.5 -1 1 -1.5 1 1 -1.5 -1 -1 1.5 1 -1 1.5 -1 1 1.5 1 1 1.5 -7.65 -1 0 -7.65 1 0 -7.65 -1 -1.5 -7.65 1 -1.5 -7.65 -1 1.5 -7.65 1 1.5</float_array>
          <technique_common>
            <accessor source="#平面_014-mesh-positions-array" count="22" stride="3">
              <param name="X" type="float"/>
              <param name="Y" type="float"/>
              <param name="Z" type="float"/>
            </accessor>
          </technique_common>
        </source>
        <source id="平面_014-mesh-normals">
          <float_array id="平面_014-mesh-normals-array" count="90">0 0 1 0 0 1 0 0 1 0 0 1 0 0 1 0 1 0 1 0 0 0 -1 0 0 1 0 1 0 0 0 -1 0 0 1 0 0 -1 0 0 -1 0 0 1 0 0 0 1 0 0 1 0 0 1 0 0 1 0 0 1 0 1 0 1 0 0 0 -1 0 0 1 0 1 0 0 0 -1 0 0 1 0 0 -1 0 0 -1 0 0 1 0</float_array>
          <technique_common>
            <accessor source="#平面_014-mesh-normals-array" count="30" stride="3">
              <param name="X" type="float"/>
              <param name="Y" type="float"/>
              <param name="Z" type="float"/>
            </accessor>
          </technique_common>
        </source>
        <source id="平面_014-mesh-map-0">
          <float_array id="平面_014-mesh-map-0-array" count="180">1 0 0 1 0 0 1 0 1 1 1 1 0 1 0 0 0 0 1 1 0 1 0 1 0 0 1 0 1 0 1 1 0 1 0 1 1 0 1 1 1 1 0 0 1 0 1 0 0 1 1 1 1 1 1 1 1 0 1 0 1 0 0 0 0 0 0 1 0 1 0 1 0 0 0 0 0 0 0 0 0 0 0 0 0 1 0 1 0 1 1 0 1 1 0 1 1 0 1 0 1 1 0 1 0 1 0 0 1 1 1 1 0 1 0 0 0 0 1 0 1 1 1 1 0 1 1 0 1 0 1 1 0 0 0 0 1 0 0 1 0 1 1 1 1 1 1 1 1 0 1 0 1 0 0 0 0 1 0 1 0 1 0 0 0 0 0 0 0 0 0 0 0 0 0 1 0 1 0 1</float_array>
          <technique_common>
            <accessor source="#平面_014-mesh-map-0-array" count="90" stride="2">
              <param name="S" type="float"/>
              <param name="T" type="float"/>
            </accessor>
          </technique_common>
        </source>
        <vertices id="平面_014-mesh-vertices">
          <input semantic="POSITION" source="#平面_014-mesh-positions"/>
        </vertices>
        <triangles count="30">
          <input semantic="VERTEX" source="#平面_014-mesh-vertices" offset="0"/>
          <input semantic="NORMAL" source="#平面_014-mesh-normals" offset="1"/>
          <input semantic="TEXCOORD" source="#平面_014-mesh-map-0" offset="2" set="0"/>
          <p>1 0 0 2 0 1 0 0 2 1 1 3 7 1 4 3 1 5 2 2 6 4 2 7 0 2 8 3 3 9 6 3 10 2 3 11 0 4 12 5 4 13 1 4 14 7 5 15 10 5 16 6 5 17 5 6 18 11 6 19 7 6 20 4 7 21 9 7 22 5 7 23 6 8 24 15 8 25 7 8 26 7 9 27 13 9 28 5 9 29 5 10 30 12 10 31 4 10 32 10 11 33 17 11 34 6 11 35 4 12 36 18 12 37 8 12 38 12 13 39 16 13 40 4 13 41 6 14 42 21 14 43 14 14 44 1 15 45 3 15 46 2 15 47 1 16 48 5 16 49 7 16 50 2 17 51 6 17 52 4 17 53 3 18 54 7 18 55 6 18 56 0 19 57 4 19 58 5 19 59 7 20 60 11 20 61 10 20 62 5 21 63 9 21 64 11 21 65 4 22 66 8 22 67 9 22 68 6 23 69 14 23 70 15 23 71 7 24 72 15 24 73 13 24 74 5 25 75 13 25 76 12 25 77 10 26 78 19 26 79 17 26 80 4 27 81 16 27 82 18 27 83 12 28 84 20 28 85 16 28 86 6 29 87 17 29 88 21 29 89</p>
        </triangles>
      </mesh>
    </geometry>
    <geometry id="立方体_054-mesh" name="立方体.054">
      <mesh>
        <source id="立方体_054-mesh-positions">
          <float_array id="立方体_054-mesh-positions-array" count="24">-1 -1 -1 -1 -1 1 -1 1 -1 -1 1 1 1 -1 -1 1 -1 1 1 1 -1 1 1 1</float_array>
          <technique_common>
            <accessor source="#立方体_054-mesh-positions-array" count="8" stride="3">
              <param name="X" type="float"/>
              <param name="Y" type="float"/>
              <param name="Z" type="float"/>
            </accessor>
          </technique_common>
        </source>
        <source id="立方体_054-mesh-normals">
          <float_array id="立方体_054-mesh-normals-array" count="36">-1 0 0 0 1 0 1 0 0 0 -1 0 0 0 -1 0 0 1 -1 0 0 0 1 0 1 0 0 0 -1 0 0 0 -1 0 0 1</float_array>
          <technique_common>
            <accessor source="#立方体_054-mesh-normals-array" count="12" stride="3">
              <param name="X" type="float"/>
              <param name="Y" type="float"/>
              <param name="Z" type="float"/>
            </accessor>
          </technique_common>
        </source>
        <source id="立方体_054-mesh-map-0">
          <float_array id="立方体_054-mesh-map-0-array" count="72">0.625 0 0.375 0.25 0.375 0 0.625 0.25 0.375 0.5 0.375 0.25 0.625 0.5 0.375 0.75 0.375 0.5 0.625 0.75 0.375 1 0.375 0.75 0.375 0.5 0.125 0.75 0.125 0.5 0.875 0.5 0.625 0.75 0.625 0.5 0.625 0 0.625 0.25 0.375 0.25 0.625 0.25 0.625 0.5 0.375 0.5 0.625 0.5 0.625 0.75 0.375 0.75 0.625 0.75 0.625 1 0.375 1 0.375 0.5 0.375 0.75 0.125 0.75 0.875 0.5 0.875 0.75 0.625 0.75</float_array>
          <technique_common>
            <accessor source="#立方体_054-mesh-map-0-array" count="36" stride="2">
              <param name="S" type="float"/>
              <param name="T" type="float"/>
            </accessor>
          </technique_common>
        </source>
        <vertices id="立方体_054-mesh-vertices">
          <input semantic="POSITION" source="#立方体_054-mesh-positions"/>
        </vertices>
        <triangles count="12">
          <input semantic="VERTEX" source="#立方体_054-mesh-vertices" offset="0"/>
          <input semantic="NORMAL" source="#立方体_054-mesh-normals" offset="1"/>
          <input semantic="TEXCOORD" source="#立方体_054-mesh-map-0" offset="2" set="0"/>
          <p>1 0 0 2 0 1 0 0 2 3 1 3 6 1 4 2 1 5 7 2 6 4 2 7 6 2 8 5 3 9 0 3 10 4 3 11 6 4 12 0 4 13 2 4 14 3 5 15 5 5 16 7 5 17 1 6 18 3 6 19 2 6 20 3 7 21 7 7 22 6 7 23 7 8 24 5 8 25 4 8 26 5 9 27 1 9 28 0 9 29 6 10 30 4 10 31 0 10 32 3 11 33 1 11 34 5 11 35</p>
        </triangles>
      </mesh>
    </geometry>
    <geometry id="立方体_033-mesh" name="立方体.033">
      <mesh>
        <source id="立方体_033-mesh-positions">
          <float_array id="立方体_033-mesh-positions-array" count="24">-1 -1 -1 -1 -1 1 -1 1 -1 -1 1 1 1 -1 -1 1 -1 1 1 1 -1 1 1 1</float_array>
          <technique_common>
            <accessor source="#立方体_033-mesh-positions-array" count="8" stride="3">
              <param name="X" type="float"/>
              <param name="Y" type="float"/>
              <param name="Z" type="float"/>
            </accessor>
          </technique_common>
        </source>
        <source id="立方体_033-mesh-normals">
          <float_array id="立方体_033-mesh-normals-array" count="36">-1 0 0 0 1 0 1 0 0 0 -1 0 0 0 -1 0 0 1 -1 0 0 0 1 0 1 0 0 0 -1 0 0 0 -1 0 0 1</float_array>
          <technique_common>
            <accessor source="#立方体_033-mesh-normals-array" count="12" stride="3">
              <param name="X" type="float"/>
              <param name="Y" type="float"/>
              <param name="Z" type="float"/>
            </accessor>
          </technique_common>
        </source>
        <source id="立方体_033-mesh-map-0">
          <float_array id="立方体_033-mesh-map-0-array" count="72">0.625 0 0.375 0.25 0.375 0 0.625 0.25 0.375 0.5 0.375 0.25 0.625 0.5 0.375 0.75 0.375 0.5 0.625 0.75 0.375 1 0.375 0.75 0.375 0.5 0.125 0.75 0.125 0.5 0.875 0.5 0.625 0.75 0.625 0.5 0.625 0 0.625 0.25 0.375 0.25 0.625 0.25 0.625 0.5 0.375 0.5 0.625 0.5 0.625 0.75 0.375 0.75 0.625 0.75 0.625 1 0.375 1 0.375 0.5 0.375 0.75 0.125 0.75 0.875 0.5 0.875 0.75 0.625 0.75</float_array>
          <technique_common>
            <accessor source="#立方体_033-mesh-map-0-array" count="36" stride="2">
              <param name="S" type="float"/>
              <param name="T" type="float"/>
            </accessor>
          </technique_common>
        </source>
        <vertices id="立方体_033-mesh-vertices">
          <input semantic="POSITION" source="#立方体_033-mesh-positions"/>
        </vertices>
        <triangles count="12">
          <input semantic="VERTEX" source="#立方体_033-mesh-vertices" offset="0"/>
          <input semantic="NORMAL" source="#立方体_033-mesh-normals" offset="1"/>
          <input semantic="TEXCOORD" source="#立方体_033-mesh-map-0" offset="2" set="0"/>
          <p>1 0 0 2 0 1 0 0 2 3 1 3 6 1 4 2 1 5 7 2 6 4 2 7 6 2 8 5 3 9 0 3 10 4 3 11 6 4 12 0 4 13 2 4 14 3 5 15 5 5 16 7 5 17 1 6 18 3 6 19 2 6 20 3 7 21 7 7 22 6 7 23 7 8 24 5 8 25 4 8 26 5 9 27 1 9 28 0 9 29 6 10 30 4 10 31 0 10 32 3 11 33 1 11 34 5 11 35</p>
        </triangles>
      </mesh>
    </geometry>
    <geometry id="立方体_017-mesh" name="立方体.017">
      <mesh>
        <source id="立方体_017-mesh-positions">
          <float_array id="立方体_017-mesh-positions-array" count="24">-1 -1 -1 -1 -1 1 -1 1 -1 -1 1 1 1 -1 -1 1 -1 1 1 1 -1 1 1 1</float_array>
          <technique_common>
            <accessor source="#立方体_017-mesh-positions-array" count="8" stride="3">
              <param name="X" type="float"/>
              <param name="Y" type="float"/>
              <param name="Z" type="float"/>
            </accessor>
          </technique_common>
        </source>
        <source id="立方体_017-mesh-normals">
          <float_array id="立方体_017-mesh-normals-array" count="36">-1 0 0 0 1 0 1 0 0 0 -1 0 0 0 -1 0 0 1 -1 0 0 0 1 0 1 0 0 0 -1 0 0 0 -1 0 0 1</float_array>
          <technique_common>
            <accessor source="#立方体_017-mesh-normals-array" count="12" stride="3">
              <param name="X" type="float"/>
              <param name="Y" type="float"/>
              <param name="Z" type="float"/>
            </accessor>
          </technique_common>
        </source>
        <source id="立方体_017-mesh-map-0">
          <float_array id="立方体_017-mesh-map-0-array" count="72">0.625 0 0.375 0.25 0.375 0 0.625 0.25 0.375 0.5 0.375 0.25 0.625 0.5 0.375 0.75 0.375 0.5 0.625 0.75 0.375 1 0.375 0.75 0.375 0.5 0.125 0.75 0.125 0.5 0.875 0.5 0.625 0.75 0.625 0.5 0.625 0 0.625 0.25 0.375 0.25 0.625 0.25 0.625 0.5 0.375 0.5 0.625 0.5 0.625 0.75 0.375 0.75 0.625 0.75 0.625 1 0.375 1 0.375 0.5 0.375 0.75 0.125 0.75 0.875 0.5 0.875 0.75 0.625 0.75</float_array>
          <technique_common>
            <accessor source="#立方体_017-mesh-map-0-array" count="36" stride="2">
              <param name="S" type="float"/>
              <param name="T" type="float"/>
            </accessor>
          </technique_common>
        </source>
        <vertices id="立方体_017-mesh-vertices">
          <input semantic="POSITION" source="#立方体_017-mesh-positions"/>
        </vertices>
        <triangles count="12">
          <input semantic="VERTEX" source="#立方体_017-mesh-vertices" offset="0"/>
          <input semantic="NORMAL" source="#立方体_017-mesh-normals" offset="1"/>
          <input semantic="TEXCOORD" source="#立方体_017-mesh-map-0" offset="2" set="0"/>
          <p>1 0 0 2 0 1 0 0 2 3 1 3 6 1 4 2 1 5 7 2 6 4 2 7 6 2 8 5 3 9 0 3 10 4 3 11 6 4 12 0 4 13 2 4 14 3 5 15 5 5 16 7 5 17 1 6 18 3 6 19 2 6 20 3 7 21 7 7 22 6 7 23 7 8 24 5 8 25 4 8 26 5 9 27 1 9 28 0 9 29 6 10 30 4 10 31 0 10 32 3 11 33 1 11 34 5 11 35</p>
        </triangles>
      </mesh>
    </geometry>
    <geometry id="立方体_011-mesh" name="立方体.011">
      <mesh>
        <source id="立方体_011-mesh-positions">
          <float_array id="立方体_011-mesh-positions-array" count="24">-1 -1 -1 -1 -1 1 -1 1 -1 -1 1 1 1 -1 -1 1 -1 1 1 1 -1 1 1 1</float_array>
          <technique_common>
            <accessor source="#立方体_011-mesh-positions-array" count="8" stride="3">
              <param name="X" type="float"/>
              <param name="Y" type="float"/>
              <param name="Z" type="float"/>
            </accessor>
          </technique_common>
        </source>
        <source id="立方体_011-mesh-normals">
          <float_array id="立方体_011-mesh-normals-array" count="36">-1 0 0 0 1 0 1 0 0 0 -1 0 0 0 -1 0 0 1 -1 0 0 0 1 0 1 0 0 0 -1 0 0 0 -1 0 0 1</float_array>
          <technique_common>
            <accessor source="#立方体_011-mesh-normals-array" count="12" stride="3">
              <param name="X" type="float"/>
              <param name="Y" type="float"/>
              <param name="Z" type="float"/>
            </accessor>
          </technique_common>
        </source>
        <source id="立方体_011-mesh-map-0">
          <float_array id="立方体_011-mesh-map-0-array" count="72">0.625 0 0.375 0.25 0.375 0 0.625 0.25 0.375 0.5 0.375 0.25 0.625 0.5 0.375 0.75 0.375 0.5 0.625 0.75 0.375 1 0.375 0.75 0.375 0.5 0.125 0.75 0.125 0.5 0.875 0.5 0.625 0.75 0.625 0.5 0.625 0 0.625 0.25 0.375 0.25 0.625 0.25 0.625 0.5 0.375 0.5 0.625 0.5 0.625 0.75 0.375 0.75 0.625 0.75 0.625 1 0.375 1 0.375 0.5 0.375 0.75 0.125 0.75 0.875 0.5 0.875 0.75 0.625 0.75</float_array>
          <technique_common>
            <accessor source="#立方体_011-mesh-map-0-array" count="36" stride="2">
              <param name="S" type="float"/>
              <param name="T" type="float"/>
            </accessor>
          </technique_common>
        </source>
        <vertices id="立方体_011-mesh-vertices">
          <input semantic="POSITION" source="#立方体_011-mesh-positions"/>
        </vertices>
        <triangles count="12">
          <input semantic="VERTEX" source="#立方体_011-mesh-vertices" offset="0"/>
          <input semantic="NORMAL" source="#立方体_011-mesh-normals" offset="1"/>
          <input semantic="TEXCOORD" source="#立方体_011-mesh-map-0" offset="2" set="0"/>
          <p>1 0 0 2 0 1 0 0 2 3 1 3 6 1 4 2 1 5 7 2 6 4 2 7 6 2 8 5 3 9 0 3 10 4 3 11 6 4 12 0 4 13 2 4 14 3 5 15 5 5 16 7 5 17 1 6 18 3 6 19 2 6 20 3 7 21 7 7 22 6 7 23 7 8 24 5 8 25 4 8 26 5 9 27 1 9 28 0 9 29 6 10 30 4 10 31 0 10 32 3 11 33 1 11 34 5 11 35</p>
        </triangles>
      </mesh>
    </geometry>
    <geometry id="平面_012-mesh" name="平面.012">
      <mesh>
        <source id="平面_012-mesh-positions">
          <float_array id="平面_012-mesh-positions-array" count="66">-1 -1 0 1 -1 0 -1 1 0 1 1 0 -1 -1 0 1 -1 0 -1 1 0 1 1 0 -1 -1 -1.5 1 -1 -1.5 -1 1 -1.5 1 1 -1.5 -1 -1 1.5 1 -1 1.5 -1 1 1.5 1 1 1.5 -7.65 -1 0 -7.65 1 0 -7.65 -1 -1.5 -7.65 1 -1.5 -7.65 -1 1.5 -7.65 1 1.5</float_array>
          <technique_common>
            <accessor source="#平面_012-mesh-positions-array" count="22" stride="3">
              <param name="X" type="float"/>
              <param name="Y" type="float"/>
              <param name="Z" type="float"/>
            </accessor>
          </technique_common>
        </source>
        <source id="平面_012-mesh-normals">
          <float_array id="平面_012-mesh-normals-array" count="90">0 0 1 0 0 1 0 0 1 0 0 1 0 0 1 0 1 0 1 0 0 0 -1 0 0 1 0 1 0 0 0 -1 0 0 1 0 0 -1 0 0 -1 0 0 1 0 0 0 1 0 0 1 0 0 1 0 0 1 0 0 1 0 1 0 1 0 0 0 -1 0 0 1 0 1 0 0 0 -1 0 0 1 0 0 -1 0 0 -1 0 0 1 0</float_array>
          <technique_common>
            <accessor source="#平面_012-mesh-normals-array" count="30" stride="3">
              <param name="X" type="float"/>
              <param name="Y" type="float"/>
              <param name="Z" type="float"/>
            </accessor>
          </technique_common>
        </source>
        <source id="平面_012-mesh-map-0">
          <float_array id="平面_012-mesh-map-0-array" count="180">1 0 0 1 0 0 1 0 1 1 1 1 0 1 0 0 0 0 1 1 0 1 0 1 0 0 1 0 1 0 1 1 0 1 0 1 1 0 1 1 1 1 0 0 1 0 1 0 0 1 1 1 1 1 1 1 1 0 1 0 1 0 0 0 0 0 0 1 0 1 0 1 0 0 0 0 0 0 0 0 0 0 0 0 0 1 0 1 0 1 1 0 1 1 0 1 1 0 1 0 1 1 0 1 0 1 0 0 1 1 1 1 0 1 0 0 0 0 1 0 1 1 1 1 0 1 1 0 1 0 1 1 0 0 0 0 1 0 0 1 0 1 1 1 1 1 1 1 1 0 1 0 1 0 0 0 0 1 0 1 0 1 0 0 0 0 0 0 0 0 0 0 0 0 0 1 0 1 0 1</float_array>
          <technique_common>
            <accessor source="#平面_012-mesh-map-0-array" count="90" stride="2">
              <param name="S" type="float"/>
              <param name="T" type="float"/>
            </accessor>
          </technique_common>
        </source>
        <vertices id="平面_012-mesh-vertices">
          <input semantic="POSITION" source="#平面_012-mesh-positions"/>
        </vertices>
        <triangles count="30">
          <input semantic="VERTEX" source="#平面_012-mesh-vertices" offset="0"/>
          <input semantic="NORMAL" source="#平面_012-mesh-normals" offset="1"/>
          <input semantic="TEXCOORD" source="#平面_012-mesh-map-0" offset="2" set="0"/>
          <p>1 0 0 2 0 1 0 0 2 1 1 3 7 1 4 3 1 5 2 2 6 4 2 7 0 2 8 3 3 9 6 3 10 2 3 11 0 4 12 5 4 13 1 4 14 7 5 15 10 5 16 6 5 17 5 6 18 11 6 19 7 6 20 4 7 21 9 7 22 5 7 23 6 8 24 15 8 25 7 8 26 7 9 27 13 9 28 5 9 29 5 10 30 12 10 31 4 10 32 10 11 33 17 11 34 6 11 35 4 12 36 18 12 37 8 12 38 12 13 39 16 13 40 4 13 41 6 14 42 21 14 43 14 14 44 1 15 45 3 15 46 2 15 47 1 16 48 5 16 49 7 16 50 2 17 51 6 17 52 4 17 53 3 18 54 7 18 55 6 18 56 0 19 57 4 19 58 5 19 59 7 20 60 11 20 61 10 20 62 5 21 63 9 21 64 11 21 65 4 22 66 8 22 67 9 22 68 6 23 69 14 23 70 15 23 71 7 24 72 15 24 73 13 24 74 5 25 75 13 25 76 12 25 77 10 26 78 19 26 79 17 26 80 4 27 81 16 27 82 18 27 83 12 28 84 20 28 85 16 28 86 6 29 87 17 29 88 21 29 89</p>
        </triangles>
      </mesh>
    </geometry>
    <geometry id="立方体_049-mesh" name="立方体.049">
      <mesh>
        <source id="立方体_049-mesh-positions">
          <float_array id="立方体_049-mesh-positions-array" count="24">-1 -1 -1 -1 -1 1 -1 1 -1 -1 1 1 1 -1 -1 1 -1 1 1 1 -1 1 1 1</float_array>
          <technique_common>
            <accessor source="#立方体_049-mesh-positions-array" count="8" stride="3">
              <param name="X" type="float"/>
              <param name="Y" type="float"/>
              <param name="Z" type="float"/>
            </accessor>
          </technique_common>
        </source>
        <source id="立方体_049-mesh-normals">
          <float_array id="立方体_049-mesh-normals-array" count="36">-1 0 0 0 1 0 1 0 0 0 -1 0 0 0 -1 0 0 1 -1 0 0 0 1 0 1 0 0 0 -1 0 0 0 -1 0 0 1</float_array>
          <technique_common>
            <accessor source="#立方体_049-mesh-normals-array" count="12" stride="3">
              <param name="X" type="float"/>
              <param name="Y" type="float"/>
              <param name="Z" type="float"/>
            </accessor>
          </technique_common>
        </source>
        <source id="立方体_049-mesh-map-0">
          <float_array id="立方体_049-mesh-map-0-array" count="72">0.625 0 0.375 0.25 0.375 0 0.625 0.25 0.375 0.5 0.375 0.25 0.625 0.5 0.375 0.75 0.375 0.5 0.625 0.75 0.375 1 0.375 0.75 0.375 0.5 0.125 0.75 0.125 0.5 0.875 0.5 0.625 0.75 0.625 0.5 0.625 0 0.625 0.25 0.375 0.25 0.625 0.25 0.625 0.5 0.375 0.5 0.625 0.5 0.625 0.75 0.375 0.75 0.625 0.75 0.625 1 0.375 1 0.375 0.5 0.375 0.75 0.125 0.75 0.875 0.5 0.875 0.75 0.625 0.75</float_array>
          <technique_common>
            <accessor source="#立方体_049-mesh-map-0-array" count="36" stride="2">
              <param name="S" type="float"/>
              <param name="T" type="float"/>
            </accessor>
          </technique_common>
        </source>
        <vertices id="立方体_049-mesh-vertices">
          <input semantic="POSITION" source="#立方体_049-mesh-positions"/>
        </vertices>
        <triangles count="12">
          <input semantic="VERTEX" source="#立方体_049-mesh-vertices" offset="0"/>
          <input semantic="NORMAL" source="#立方体_049-mesh-normals" offset="1"/>
          <input semantic="TEXCOORD" source="#立方体_049-mesh-map-0" offset="2" set="0"/>
          <p>1 0 0 2 0 1 0 0 2 3 1 3 6 1 4 2 1 5 7 2 6 4 2 7 6 2 8 5 3 9 0 3 10 4 3 11 6 4 12 0 4 13 2 4 14 3 5 15 5 5 16 7 5 17 1 6 18 3 6 19 2 6 20 3 7 21 7 7 22 6 7 23 7 8 24 5 8 25 4 8 26 5 9 27 1 9 28 0 9 29 6 10 30 4 10 31 0 10 32 3 11 33 1 11 34 5 11 35</p>
        </triangles>
      </mesh>
    </geometry>
    <geometry id="立方体_050-mesh" name="立方体.050">
      <mesh>
        <source id="立方体_050-mesh-positions">
          <float_array id="立方体_050-mesh-positions-array" count="24">-1 -1 -1 -1 -1 1 -1 1 -1 -1 1 1 1 -1 -1 1 -1 1 1 1 -1 1 1 1</float_array>
          <technique_common>
            <accessor source="#立方体_050-mesh-positions-array" count="8" stride="3">
              <param name="X" type="float"/>
              <param name="Y" type="float"/>
              <param name="Z" type="float"/>
            </accessor>
          </technique_common>
        </source>
        <source id="立方体_050-mesh-normals">
          <float_array id="立方体_050-mesh-normals-array" count="36">-1 0 0 0 1 0 1 0 0 0 -1 0 0 0 -1 0 0 1 -1 0 0 0 1 0 1 0 0 0 -1 0 0 0 -1 0 0 1</float_array>
          <technique_common>
            <accessor source="#立方体_050-mesh-normals-array" count="12" stride="3">
              <param name="X" type="float"/>
              <param name="Y" type="float"/>
              <param name="Z" type="float"/>
            </accessor>
          </technique_common>
        </source>
        <source id="立方体_050-mesh-map-0">
          <float_array id="立方体_050-mesh-map-0-array" count="72">0.625 0 0.375 0.25 0.375 0 0.625 0.25 0.375 0.5 0.375 0.25 0.625 0.5 0.375 0.75 0.375 0.5 0.625 0.75 0.375 1 0.375 0.75 0.375 0.5 0.125 0.75 0.125 0.5 0.875 0.5 0.625 0.75 0.625 0.5 0.625 0 0.625 0.25 0.375 0.25 0.625 0.25 0.625 0.5 0.375 0.5 0.625 0.5 0.625 0.75 0.375 0.75 0.625 0.75 0.625 1 0.375 1 0.375 0.5 0.375 0.75 0.125 0.75 0.875 0.5 0.875 0.75 0.625 0.75</float_array>
          <technique_common>
            <accessor source="#立方体_050-mesh-map-0-array" count="36" stride="2">
              <param name="S" type="float"/>
              <param name="T" type="float"/>
            </accessor>
          </technique_common>
        </source>
        <vertices id="立方体_050-mesh-vertices">
          <input semantic="POSITION" source="#立方体_050-mesh-positions"/>
        </vertices>
        <triangles count="12">
          <input semantic="VERTEX" source="#立方体_050-mesh-vertices" offset="0"/>
          <input semantic="NORMAL" source="#立方体_050-mesh-normals" offset="1"/>
          <input semantic="TEXCOORD" source="#立方体_050-mesh-map-0" offset="2" set="0"/>
          <p>1 0 0 2 0 1 0 0 2 3 1 3 6 1 4 2 1 5 7 2 6 4 2 7 6 2 8 5 3 9 0 3 10 4 3 11 6 4 12 0 4 13 2 4 14 3 5 15 5 5 16 7 5 17 1 6 18 3 6 19 2 6 20 3 7 21 7 7 22 6 7 23 7 8 24 5 8 25 4 8 26 5 9 27 1 9 28 0 9 29 6 10 30 4 10 31 0 10 32 3 11 33 1 11 34 5 11 35</p>
        </triangles>
      </mesh>
    </geometry>
    <geometry id="立方体_051-mesh" name="立方体.051">
      <mesh>
        <source id="立方体_051-mesh-positions">
          <float_array id="立方体_051-mesh-positions-array" count="24">-1 -1 -1 -1 -1 1 -1 1 -1 -1 1 1 1 -1 -1 1 -1 1 1 1 -1 1 1 1</float_array>
          <technique_common>
            <accessor source="#立方体_051-mesh-positions-array" count="8" stride="3">
              <param name="X" type="float"/>
              <param name="Y" type="float"/>
              <param name="Z" type="float"/>
            </accessor>
          </technique_common>
        </source>
        <source id="立方体_051-mesh-normals">
          <float_array id="立方体_051-mesh-normals-array" count="36">-1 0 0 0 1 0 1 0 0 0 -1 0 0 0 -1 0 0 1 -1 0 0 0 1 0 1 0 0 0 -1 0 0 0 -1 0 0 1</float_array>
          <technique_common>
            <accessor source="#立方体_051-mesh-normals-array" count="12" stride="3">
              <param name="X" type="float"/>
              <param name="Y" type="float"/>
              <param name="Z" type="float"/>
            </accessor>
          </technique_common>
        </source>
        <source id="立方体_051-mesh-map-0">
          <float_array id="立方体_051-mesh-map-0-array" count="72">0.625 0 0.375 0.25 0.375 0 0.625 0.25 0.375 0.5 0.375 0.25 0.625 0.5 0.375 0.75 0.375 0.5 0.625 0.75 0.375 1 0.375 0.75 0.375 0.5 0.125 0.75 0.125 0.5 0.875 0.5 0.625 0.75 0.625 0.5 0.625 0 0.625 0.25 0.375 0.25 0.625 0.25 0.625 0.5 0.375 0.5 0.625 0.5 0.625 0.75 0.375 0.75 0.625 0.75 0.625 1 0.375 1 0.375 0.5 0.375 0.75 0.125 0.75 0.875 0.5 0.875 0.75 0.625 0.75</float_array>
          <technique_common>
            <accessor source="#立方体_051-mesh-map-0-array" count="36" stride="2">
              <param name="S" type="float"/>
              <param name="T" type="float"/>
            </accessor>
          </technique_common>
        </source>
        <vertices id="立方体_051-mesh-vertices">
          <input semantic="POSITION" source="#立方体_051-mesh-positions"/>
        </vertices>
        <triangles count="12">
          <input semantic="VERTEX" source="#立方体_051-mesh-vertices" offset="0"/>
          <input semantic="NORMAL" source="#立方体_051-mesh-normals" offset="1"/>
          <input semantic="TEXCOORD" source="#立方体_051-mesh-map-0" offset="2" set="0"/>
          <p>1 0 0 2 0 1 0 0 2 3 1 3 6 1 4 2 1 5 7 2 6 4 2 7 6 2 8 5 3 9 0 3 10 4 3 11 6 4 12 0 4 13 2 4 14 3 5 15 5 5 16 7 5 17 1 6 18 3 6 19 2 6 20 3 7 21 7 7 22 6 7 23 7 8 24 5 8 25 4 8 26 5 9 27 1 9 28 0 9 29 6 10 30 4 10 31 0 10 32 3 11 33 1 11 34 5 11 35</p>
        </triangles>
      </mesh>
    </geometry>
    <geometry id="立方体_052-mesh" name="立方体.052">
      <mesh>
        <source id="立方体_052-mesh-positions">
          <float_array id="立方体_052-mesh-positions-array" count="24">-1 -1 -1 -1 -1 1 -1 1 -1 -1 1 1 1 -1 -1 1 -1 1 1 1 -1 1 1 1</float_array>
          <technique_common>
            <accessor source="#立方体_052-mesh-positions-array" count="8" stride="3">
              <param name="X" type="float"/>
              <param name="Y" type="float"/>
              <param name="Z" type="float"/>
            </accessor>
          </technique_common>
        </source>
        <source id="立方体_052-mesh-normals">
          <float_array id="立方体_052-mesh-normals-array" count="36">-1 0 0 0 1 0 1 0 0 0 -1 0 0 0 -1 0 0 1 -1 0 0 0 1 0 1 0 0 0 -1 0 0 0 -1 0 0 1</float_array>
          <technique_common>
            <accessor source="#立方体_052-mesh-normals-array" count="12" stride="3">
              <param name="X" type="float"/>
              <param name="Y" type="float"/>
              <param name="Z" type="float"/>
            </accessor>
          </technique_common>
        </source>
        <source id="立方体_052-mesh-map-0">
          <float_array id="立方体_052-mesh-map-0-array" count="72">0.625 0 0.375 0.25 0.375 0 0.625 0.25 0.375 0.5 0.375 0.25 0.625 0.5 0.375 0.75 0.375 0.5 0.625 0.75 0.375 1 0.375 0.75 0.375 0.5 0.125 0.75 0.125 0.5 0.875 0.5 0.625 0.75 0.625 0.5 0.625 0 0.625 0.25 0.375 0.25 0.625 0.25 0.625 0.5 0.375 0.5 0.625 0.5 0.625 0.75 0.375 0.75 0.625 0.75 0.625 1 0.375 1 0.375 0.5 0.375 0.75 0.125 0.75 0.875 0.5 0.875 0.75 0.625 0.75</float_array>
          <technique_common>
            <accessor source="#立方体_052-mesh-map-0-array" count="36" stride="2">
              <param name="S" type="float"/>
              <param name="T" type="float"/>
            </accessor>
          </technique_common>
        </source>
        <vertices id="立方体_052-mesh-vertices">
          <input semantic="POSITION" source="#立方体_052-mesh-positions"/>
        </vertices>
        <triangles count="12">
          <input semantic="VERTEX" source="#立方体_052-mesh-vertices" offset="0"/>
          <input semantic="NORMAL" source="#立方体_052-mesh-normals" offset="1"/>
          <input semantic="TEXCOORD" source="#立方体_052-mesh-map-0" offset="2" set="0"/>
          <p>1 0 0 2 0 1 0 0 2 3 1 3 6 1 4 2 1 5 7 2 6 4 2 7 6 2 8 5 3 9 0 3 10 4 3 11 6 4 12 0 4 13 2 4 14 3 5 15 5 5 16 7 5 17 1 6 18 3 6 19 2 6 20 3 7 21 7 7 22 6 7 23 7 8 24 5 8 25 4 8 26 5 9 27 1 9 28 0 9 29 6 10 30 4 10 31 0 10 32 3 11 33 1 11 34 5 11 35</p>
        </triangles>
      </mesh>
    </geometry>
    <geometry id="立方体_053-mesh" name="立方体.053">
      <mesh>
        <source id="立方体_053-mesh-positions">
          <float_array id="立方体_053-mesh-positions-array" count="24">-1 -1 -1 -1 -1 1 -1 1 -1 -1 1 1 1 -1 -1 1 -1 1 1 1 -1 1 1 1</float_array>
          <technique_common>
            <accessor source="#立方体_053-mesh-positions-array" count="8" stride="3">
              <param name="X" type="float"/>
              <param name="Y" type="float"/>
              <param name="Z" type="float"/>
            </accessor>
          </technique_common>
        </source>
        <source id="立方体_053-mesh-normals">
          <float_array id="立方体_053-mesh-normals-array" count="36">-1 0 0 0 1 0 1 0 0 0 -1 0 0 0 -1 0 0 1 -1 0 0 0 1 0 1 0 0 0 -1 0 0 0 -1 0 0 1</float_array>
          <technique_common>
            <accessor source="#立方体_053-mesh-normals-array" count="12" stride="3">
              <param name="X" type="float"/>
              <param name="Y" type="float"/>
              <param name="Z" type="float"/>
            </accessor>
          </technique_common>
        </source>
        <source id="立方体_053-mesh-map-0">
          <float_array id="立方体_053-mesh-map-0-array" count="72">0.625 0 0.375 0.25 0.375 0 0.625 0.25 0.375 0.5 0.375 0.25 0.625 0.5 0.375 0.75 0.375 0.5 0.625 0.75 0.375 1 0.375 0.75 0.375 0.5 0.125 0.75 0.125 0.5 0.875 0.5 0.625 0.75 0.625 0.5 0.625 0 0.625 0.25 0.375 0.25 0.625 0.25 0.625 0.5 0.375 0.5 0.625 0.5 0.625 0.75 0.375 0.75 0.625 0.75 0.625 1 0.375 1 0.375 0.5 0.375 0.75 0.125 0.75 0.875 0.5 0.875 0.75 0.625 0.75</float_array>
          <technique_common>
            <accessor source="#立方体_053-mesh-map-0-array" count="36" stride="2">
              <param name="S" type="float"/>
              <param name="T" type="float"/>
            </accessor>
          </technique_common>
        </source>
        <vertices id="立方体_053-mesh-vertices">
          <input semantic="POSITION" source="#立方体_053-mesh-positions"/>
        </vertices>
        <triangles count="12">
          <input semantic="VERTEX" source="#立方体_053-mesh-vertices" offset="0"/>
          <input semantic="NORMAL" source="#立方体_053-mesh-normals" offset="1"/>
          <input semantic="TEXCOORD" source="#立方体_053-mesh-map-0" offset="2" set="0"/>
          <p>1 0 0 2 0 1 0 0 2 3 1 3 6 1 4 2 1 5 7 2 6 4 2 7 6 2 8 5 3 9 0 3 10 4 3 11 6 4 12 0 4 13 2 4 14 3 5 15 5 5 16 7 5 17 1 6 18 3 6 19 2 6 20 3 7 21 7 7 22 6 7 23 7 8 24 5 8 25 4 8 26 5 9 27 1 9 28 0 9 29 6 10 30 4 10 31 0 10 32 3 11 33 1 11 34 5 11 35</p>
        </triangles>
      </mesh>
    </geometry>
    <geometry id="立方体_044-mesh" name="立方体.044">
      <mesh>
        <source id="立方体_044-mesh-positions">
          <float_array id="立方体_044-mesh-positions-array" count="24">-1 -1 -1 -1 -1 1 -1 1 -1 -1 1 1 1 -1 -1 1 -1 1 1 1 -1 1 1 1</float_array>
          <technique_common>
            <accessor source="#立方体_044-mesh-positions-array" count="8" stride="3">
              <param name="X" type="float"/>
              <param name="Y" type="float"/>
              <param name="Z" type="float"/>
            </accessor>
          </technique_common>
        </source>
        <source id="立方体_044-mesh-normals">
          <float_array id="立方体_044-mesh-normals-array" count="36">-1 0 0 0 1 0 1 0 0 0 -1 0 0 0 -1 0 0 1 -1 0 0 0 1 0 1 0 0 0 -1 0 0 0 -1 0 0 1</float_array>
          <technique_common>
            <accessor source="#立方体_044-mesh-normals-array" count="12" stride="3">
              <param name="X" type="float"/>
              <param name="Y" type="float"/>
              <param name="Z" type="float"/>
            </accessor>
          </technique_common>
        </source>
        <source id="立方体_044-mesh-map-0">
          <float_array id="立方体_044-mesh-map-0-array" count="72">0.625 0 0.375 0.25 0.375 0 0.625 0.25 0.375 0.5 0.375 0.25 0.625 0.5 0.375 0.75 0.375 0.5 0.625 0.75 0.375 1 0.375 0.75 0.375 0.5 0.125 0.75 0.125 0.5 0.875 0.5 0.625 0.75 0.625 0.5 0.625 0 0.625 0.25 0.375 0.25 0.625 0.25 0.625 0.5 0.375 0.5 0.625 0.5 0.625 0.75 0.375 0.75 0.625 0.75 0.625 1 0.375 1 0.375 0.5 0.375 0.75 0.125 0.75 0.875 0.5 0.875 0.75 0.625 0.75</float_array>
          <technique_common>
            <accessor source="#立方体_044-mesh-map-0-array" count="36" stride="2">
              <param name="S" type="float"/>
              <param name="T" type="float"/>
            </accessor>
          </technique_common>
        </source>
        <vertices id="立方体_044-mesh-vertices">
          <input semantic="POSITION" source="#立方体_044-mesh-positions"/>
        </vertices>
        <triangles count="12">
          <input semantic="VERTEX" source="#立方体_044-mesh-vertices" offset="0"/>
          <input semantic="NORMAL" source="#立方体_044-mesh-normals" offset="1"/>
          <input semantic="TEXCOORD" source="#立方体_044-mesh-map-0" offset="2" set="0"/>
          <p>1 0 0 2 0 1 0 0 2 3 1 3 6 1 4 2 1 5 7 2 6 4 2 7 6 2 8 5 3 9 0 3 10 4 3 11 6 4 12 0 4 13 2 4 14 3 5 15 5 5 16 7 5 17 1 6 18 3 6 19 2 6 20 3 7 21 7 7 22 6 7 23 7 8 24 5 8 25 4 8 26 5 9 27 1 9 28 0 9 29 6 10 30 4 10 31 0 10 32 3 11 33 1 11 34 5 11 35</p>
        </triangles>
      </mesh>
    </geometry>
    <geometry id="立方体_045-mesh" name="立方体.045">
      <mesh>
        <source id="立方体_045-mesh-positions">
          <float_array id="立方体_045-mesh-positions-array" count="24">-1 -1 -1 -1 -1 1 -1 1 -1 -1 1 1 1 -1 -1 1 -1 1 1 1 -1 1 1 1</float_array>
          <technique_common>
            <accessor source="#立方体_045-mesh-positions-array" count="8" stride="3">
              <param name="X" type="float"/>
              <param name="Y" type="float"/>
              <param name="Z" type="float"/>
            </accessor>
          </technique_common>
        </source>
        <source id="立方体_045-mesh-normals">
          <float_array id="立方体_045-mesh-normals-array" count="36">-1 0 0 0 1 0 1 0 0 0 -1 0 0 0 -1 0 0 1 -1 0 0 0 1 0 1 0 0 0 -1 0 0 0 -1 0 0 1</float_array>
          <technique_common>
            <accessor source="#立方体_045-mesh-normals-array" count="12" stride="3">
              <param name="X" type="float"/>
              <param name="Y" type="float"/>
              <param name="Z" type="float"/>
            </accessor>
          </technique_common>
        </source>
        <source id="立方体_045-mesh-map-0">
          <float_array id="立方体_045-mesh-map-0-array" count="72">0.625 0 0.375 0.25 0.375 0 0.625 0.25 0.375 0.5 0.375 0.25 0.625 0.5 0.375 0.75 0.375 0.5 0.625 0.75 0.375 1 0.375 0.75 0.375 0.5 0.125 0.75 0.125 0.5 0.875 0.5 0.625 0.75 0.625 0.5 0.625 0 0.625 0.25 0.375 0.25 0.625 0.25 0.625 0.5 0.375 0.5 0.625 0.5 0.625 0.75 0.375 0.75 0.625 0.75 0.625 1 0.375 1 0.375 0.5 0.375 0.75 0.125 0.75 0.875 0.5 0.875 0.75 0.625 0.75</float_array>
          <technique_common>
            <accessor source="#立方体_045-mesh-map-0-array" count="36" stride="2">
              <param name="S" type="float"/>
              <param name="T" type="float"/>
            </accessor>
          </technique_common>
        </source>
        <vertices id="立方体_045-mesh-vertices">
          <input semantic="POSITION" source="#立方体_045-mesh-positions"/>
        </vertices>
        <triangles count="12">
          <input semantic="VERTEX" source="#立方体_045-mesh-vertices" offset="0"/>
          <input semantic="NORMAL" source="#立方体_045-mesh-normals" offset="1"/>
          <input semantic="TEXCOORD" source="#立方体_045-mesh-map-0" offset="2" set="0"/>
          <p>1 0 0 2 0 1 0 0 2 3 1 3 6 1 4 2 1 5 7 2 6 4 2 7 6 2 8 5 3 9 0 3 10 4 3 11 6 4 12 0 4 13 2 4 14 3 5 15 5 5 16 7 5 17 1 6 18 3 6 19 2 6 20 3 7 21 7 7 22 6 7 23 7 8 24 5 8 25 4 8 26 5 9 27 1 9 28 0 9 29 6 10 30 4 10 31 0 10 32 3 11 33 1 11 34 5 11 35</p>
        </triangles>
      </mesh>
    </geometry>
    <geometry id="立方体_046-mesh" name="立方体.046">
      <mesh>
        <source id="立方体_046-mesh-positions">
          <float_array id="立方体_046-mesh-positions-array" count="24">-1 -1 -1 -1 -1 1 -1 1 -1 -1 1 1 1 -1 -1 1 -1 1 1 1 -1 1 1 1</float_array>
          <technique_common>
            <accessor source="#立方体_046-mesh-positions-array" count="8" stride="3">
              <param name="X" type="float"/>
              <param name="Y" type="float"/>
              <param name="Z" type="float"/>
            </accessor>
          </technique_common>
        </source>
        <source id="立方体_046-mesh-normals">
          <float_array id="立方体_046-mesh-normals-array" count="36">-1 0 0 0 1 0 1 0 0 0 -1 0 0 0 -1 0 0 1 -1 0 0 0 1 0 1 0 0 0 -1 0 0 0 -1 0 0 1</float_array>
          <technique_common>
            <accessor source="#立方体_046-mesh-normals-array" count="12" stride="3">
              <param name="X" type="float"/>
              <param name="Y" type="float"/>
              <param name="Z" type="float"/>
            </accessor>
          </technique_common>
        </source>
        <source id="立方体_046-mesh-map-0">
          <float_array id="立方体_046-mesh-map-0-array" count="72">0.625 0 0.375 0.25 0.375 0 0.625 0.25 0.375 0.5 0.375 0.25 0.625 0.5 0.375 0.75 0.375 0.5 0.625 0.75 0.375 1 0.375 0.75 0.375 0.5 0.125 0.75 0.125 0.5 0.875 0.5 0.625 0.75 0.625 0.5 0.625 0 0.625 0.25 0.375 0.25 0.625 0.25 0.625 0.5 0.375 0.5 0.625 0.5 0.625 0.75 0.375 0.75 0.625 0.75 0.625 1 0.375 1 0.375 0.5 0.375 0.75 0.125 0.75 0.875 0.5 0.875 0.75 0.625 0.75</float_array>
          <technique_common>
            <accessor source="#立方体_046-mesh-map-0-array" count="36" stride="2">
              <param name="S" type="float"/>
              <param name="T" type="float"/>
            </accessor>
          </technique_common>
        </source>
        <vertices id="立方体_046-mesh-vertices">
          <input semantic="POSITION" source="#立方体_046-mesh-positions"/>
        </vertices>
        <triangles count="12">
          <input semantic="VERTEX" source="#立方体_046-mesh-vertices" offset="0"/>
          <input semantic="NORMAL" source="#立方体_046-mesh-normals" offset="1"/>
          <input semantic="TEXCOORD" source="#立方体_046-mesh-map-0" offset="2" set="0"/>
          <p>1 0 0 2 0 1 0 0 2 3 1 3 6 1 4 2 1 5 7 2 6 4 2 7 6 2 8 5 3 9 0 3 10 4 3 11 6 4 12 0 4 13 2 4 14 3 5 15 5 5 16 7 5 17 1 6 18 3 6 19 2 6 20 3 7 21 7 7 22 6 7 23 7 8 24 5 8 25 4 8 26 5 9 27 1 9 28 0 9 29 6 10 30 4 10 31 0 10 32 3 11 33 1 11 34 5 11 35</p>
        </triangles>
      </mesh>
    </geometry>
    <geometry id="立方体_047-mesh" name="立方体.047">
      <mesh>
        <source id="立方体_047-mesh-positions">
          <float_array id="立方体_047-mesh-positions-array" count="24">-1 -1 -1 -1 -1 1 -1 1 -1 -1 1 1 1 -1 -1 1 -1 1 1 1 -1 1 1 1</float_array>
          <technique_common>
            <accessor source="#立方体_047-mesh-positions-array" count="8" stride="3">
              <param name="X" type="float"/>
              <param name="Y" type="float"/>
              <param name="Z" type="float"/>
            </accessor>
          </technique_common>
        </source>
        <source id="立方体_047-mesh-normals">
          <float_array id="立方体_047-mesh-normals-array" count="36">-1 0 0 0 1 0 1 0 0 0 -1 0 0 0 -1 0 0 1 -1 0 0 0 1 0 1 0 0 0 -1 0 0 0 -1 0 0 1</float_array>
          <technique_common>
            <accessor source="#立方体_047-mesh-normals-array" count="12" stride="3">
              <param name="X" type="float"/>
              <param name="Y" type="float"/>
              <param name="Z" type="float"/>
            </accessor>
          </technique_common>
        </source>
        <source id="立方体_047-mesh-map-0">
          <float_array id="立方体_047-mesh-map-0-array" count="72">0.625 0 0.375 0.25 0.375 0 0.625 0.25 0.375 0.5 0.375 0.25 0.625 0.5 0.375 0.75 0.375 0.5 0.625 0.75 0.375 1 0.375 0.75 0.375 0.5 0.125 0.75 0.125 0.5 0.875 0.5 0.625 0.75 0.625 0.5 0.625 0 0.625 0.25 0.375 0.25 0.625 0.25 0.625 0.5 0.375 0.5 0.625 0.5 0.625 0.75 0.375 0.75 0.625 0.75 0.625 1 0.375 1 0.375 0.5 0.375 0.75 0.125 0.75 0.875 0.5 0.875 0.75 0.625 0.75</float_array>
          <technique_common>
            <accessor source="#立方体_047-mesh-map-0-array" count="36" stride="2">
              <param name="S" type="float"/>
              <param name="T" type="float"/>
            </accessor>
          </technique_common>
        </source>
        <vertices id="立方体_047-mesh-vertices">
          <input semantic="POSITION" source="#立方体_047-mesh-positions"/>
        </vertices>
        <triangles count="12">
          <input semantic="VERTEX" source="#立方体_047-mesh-vertices" offset="0"/>
          <input semantic="NORMAL" source="#立方体_047-mesh-normals" offset="1"/>
          <input semantic="TEXCOORD" source="#立方体_047-mesh-map-0" offset="2" set="0"/>
          <p>1 0 0 2 0 1 0 0 2 3 1 3 6 1 4 2 1 5 7 2 6 4 2 7 6 2 8 5 3 9 0 3 10 4 3 11 6 4 12 0 4 13 2 4 14 3 5 15 5 5 16 7 5 17 1 6 18 3 6 19 2 6 20 3 7 21 7 7 22 6 7 23 7 8 24 5 8 25 4 8 26 5 9 27 1 9 28 0 9 29 6 10 30 4 10 31 0 10 32 3 11 33 1 11 34 5 11 35</p>
        </triangles>
      </mesh>
    </geometry>
    <geometry id="立方体_048-mesh" name="立方体.048">
      <mesh>
        <source id="立方体_048-mesh-positions">
          <float_array id="立方体_048-mesh-positions-array" count="24">-1 -1 -1 -1 -1 1 -1 1 -1 -1 1 1 1 -1 -1 1 -1 1 1 1 -1 1 1 1</float_array>
          <technique_common>
            <accessor source="#立方体_048-mesh-positions-array" count="8" stride="3">
              <param name="X" type="float"/>
              <param name="Y" type="float"/>
              <param name="Z" type="float"/>
            </accessor>
          </technique_common>
        </source>
        <source id="立方体_048-mesh-normals">
          <float_array id="立方体_048-mesh-normals-array" count="36">-1 0 0 0 1 0 1 0 0 0 -1 0 0 0 -1 0 0 1 -1 0 0 0 1 0 1 0 0 0 -1 0 0 0 -1 0 0 1</float_array>
          <technique_common>
            <accessor source="#立方体_048-mesh-normals-array" count="12" stride="3">
              <param name="X" type="float"/>
              <param name="Y" type="float"/>
              <param name="Z" type="float"/>
            </accessor>
          </technique_common>
        </source>
        <source id="立方体_048-mesh-map-0">
          <float_array id="立方体_048-mesh-map-0-array" count="72">0.625 0 0.375 0.25 0.375 0 0.625 0.25 0.375 0.5 0.375 0.25 0.625 0.5 0.375 0.75 0.375 0.5 0.625 0.75 0.375 1 0.375 0.75 0.375 0.5 0.125 0.75 0.125 0.5 0.875 0.5 0.625 0.75 0.625 0.5 0.625 0 0.625 0.25 0.375 0.25 0.625 0.25 0.625 0.5 0.375 0.5 0.625 0.5 0.625 0.75 0.375 0.75 0.625 0.75 0.625 1 0.375 1 0.375 0.5 0.375 0.75 0.125 0.75 0.875 0.5 0.875 0.75 0.625 0.75</float_array>
          <technique_common>
            <accessor source="#立方体_048-mesh-map-0-array" count="36" stride="2">
              <param name="S" type="float"/>
              <param name="T" type="float"/>
            </accessor>
          </technique_common>
        </source>
        <vertices id="立方体_048-mesh-vertices">
          <input semantic="POSITION" source="#立方体_048-mesh-positions"/>
        </vertices>
        <triangles count="12">
          <input semantic="VERTEX" source="#立方体_048-mesh-vertices" offset="0"/>
          <input semantic="NORMAL" source="#立方体_048-mesh-normals" offset="1"/>
          <input semantic="TEXCOORD" source="#立方体_048-mesh-map-0" offset="2" set="0"/>
          <p>1 0 0 2 0 1 0 0 2 3 1 3 6 1 4 2 1 5 7 2 6 4 2 7 6 2 8 5 3 9 0 3 10 4 3 11 6 4 12 0 4 13 2 4 14 3 5 15 5 5 16 7 5 17 1 6 18 3 6 19 2 6 20 3 7 21 7 7 22 6 7 23 7 8 24 5 8 25 4 8 26 5 9 27 1 9 28 0 9 29 6 10 30 4 10 31 0 10 32 3 11 33 1 11 34 5 11 35</p>
        </triangles>
      </mesh>
    </geometry>
    <geometry id="立方体_043-mesh" name="立方体.043">
      <mesh>
        <source id="立方体_043-mesh-positions">
          <float_array id="立方体_043-mesh-positions-array" count="24">-1 -1 -1 -1 -1 1 -1 1 -1 -1 1 1 1 -1 -1 1 -1 1 1 1 -1 1 1 1</float_array>
          <technique_common>
            <accessor source="#立方体_043-mesh-positions-array" count="8" stride="3">
              <param name="X" type="float"/>
              <param name="Y" type="float"/>
              <param name="Z" type="float"/>
            </accessor>
          </technique_common>
        </source>
        <source id="立方体_043-mesh-normals">
          <float_array id="立方体_043-mesh-normals-array" count="36">-1 0 0 0 1 0 1 0 0 0 -1 0 0 0 -1 0 0 1 -1 0 0 0 1 0 1 0 0 0 -1 0 0 0 -1 0 0 1</float_array>
          <technique_common>
            <accessor source="#立方体_043-mesh-normals-array" count="12" stride="3">
              <param name="X" type="float"/>
              <param name="Y" type="float"/>
              <param name="Z" type="float"/>
            </accessor>
          </technique_common>
        </source>
        <source id="立方体_043-mesh-map-0">
          <float_array id="立方体_043-mesh-map-0-array" count="72">0.625 0 0.375 0.25 0.375 0 0.625 0.25 0.375 0.5 0.375 0.25 0.625 0.5 0.375 0.75 0.375 0.5 0.625 0.75 0.375 1 0.375 0.75 0.375 0.5 0.125 0.75 0.125 0.5 0.875 0.5 0.625 0.75 0.625 0.5 0.625 0 0.625 0.25 0.375 0.25 0.625 0.25 0.625 0.5 0.375 0.5 0.625 0.5 0.625 0.75 0.375 0.75 0.625 0.75 0.625 1 0.375 1 0.375 0.5 0.375 0.75 0.125 0.75 0.875 0.5 0.875 0.75 0.625 0.75</float_array>
          <technique_common>
            <accessor source="#立方体_043-mesh-map-0-array" count="36" stride="2">
              <param name="S" type="float"/>
              <param name="T" type="float"/>
            </accessor>
          </technique_common>
        </source>
        <vertices id="立方体_043-mesh-vertices">
          <input semantic="POSITION" source="#立方体_043-mesh-positions"/>
        </vertices>
        <triangles count="12">
          <input semantic="VERTEX" source="#立方体_043-mesh-vertices" offset="0"/>
          <input semantic="NORMAL" source="#立方体_043-mesh-normals" offset="1"/>
          <input semantic="TEXCOORD" source="#立方体_043-mesh-map-0" offset="2" set="0"/>
          <p>1 0 0 2 0 1 0 0 2 3 1 3 6 1 4 2 1 5 7 2 6 4 2 7 6 2 8 5 3 9 0 3 10 4 3 11 6 4 12 0 4 13 2 4 14 3 5 15 5 5 16 7 5 17 1 6 18 3 6 19 2 6 20 3 7 21 7 7 22 6 7 23 7 8 24 5 8 25 4 8 26 5 9 27 1 9 28 0 9 29 6 10 30 4 10 31 0 10 32 3 11 33 1 11 34 5 11 35</p>
        </triangles>
      </mesh>
    </geometry>
    <geometry id="立方体_042-mesh" name="立方体.042">
      <mesh>
        <source id="立方体_042-mesh-positions">
          <float_array id="立方体_042-mesh-positions-array" count="24">-1 -1 -1 -1 -1 1 -1 1 -1 -1 1 1 1 -1 -1 1 -1 1 1 1 -1 1 1 1</float_array>
          <technique_common>
            <accessor source="#立方体_042-mesh-positions-array" count="8" stride="3">
              <param name="X" type="float"/>
              <param name="Y" type="float"/>
              <param name="Z" type="float"/>
            </accessor>
          </technique_common>
        </source>
        <source id="立方体_042-mesh-normals">
          <float_array id="立方体_042-mesh-normals-array" count="36">-1 0 0 0 1 0 1 0 0 0 -1 0 0 0 -1 0 0 1 -1 0 0 0 1 0 1 0 0 0 -1 0 0 0 -1 0 0 1</float_array>
          <technique_common>
            <accessor source="#立方体_042-mesh-normals-array" count="12" stride="3">
              <param name="X" type="float"/>
              <param name="Y" type="float"/>
              <param name="Z" type="float"/>
            </accessor>
          </technique_common>
        </source>
        <source id="立方体_042-mesh-map-0">
          <float_array id="立方体_042-mesh-map-0-array" count="72">0.625 0 0.375 0.25 0.375 0 0.625 0.25 0.375 0.5 0.375 0.25 0.625 0.5 0.375 0.75 0.375 0.5 0.625 0.75 0.375 1 0.375 0.75 0.375 0.5 0.125 0.75 0.125 0.5 0.875 0.5 0.625 0.75 0.625 0.5 0.625 0 0.625 0.25 0.375 0.25 0.625 0.25 0.625 0.5 0.375 0.5 0.625 0.5 0.625 0.75 0.375 0.75 0.625 0.75 0.625 1 0.375 1 0.375 0.5 0.375 0.75 0.125 0.75 0.875 0.5 0.875 0.75 0.625 0.75</float_array>
          <technique_common>
            <accessor source="#立方体_042-mesh-map-0-array" count="36" stride="2">
              <param name="S" type="float"/>
              <param name="T" type="float"/>
            </accessor>
          </technique_common>
        </source>
        <vertices id="立方体_042-mesh-vertices">
          <input semantic="POSITION" source="#立方体_042-mesh-positions"/>
        </vertices>
        <triangles count="12">
          <input semantic="VERTEX" source="#立方体_042-mesh-vertices" offset="0"/>
          <input semantic="NORMAL" source="#立方体_042-mesh-normals" offset="1"/>
          <input semantic="TEXCOORD" source="#立方体_042-mesh-map-0" offset="2" set="0"/>
          <p>1 0 0 2 0 1 0 0 2 3 1 3 6 1 4 2 1 5 7 2 6 4 2 7 6 2 8 5 3 9 0 3 10 4 3 11 6 4 12 0 4 13 2 4 14 3 5 15 5 5 16 7 5 17 1 6 18 3 6 19 2 6 20 3 7 21 7 7 22 6 7 23 7 8 24 5 8 25 4 8 26 5 9 27 1 9 28 0 9 29 6 10 30 4 10 31 0 10 32 3 11 33 1 11 34 5 11 35</p>
        </triangles>
      </mesh>
    </geometry>
    <geometry id="立方体_041-mesh" name="立方体.041">
      <mesh>
        <source id="立方体_041-mesh-positions">
          <float_array id="立方体_041-mesh-positions-array" count="24">-1 -1 -1 -1 -1 1 -1 1 -1 -1 1 1 1 -1 -1 1 -1 1 1 1 -1 1 1 1</float_array>
          <technique_common>
            <accessor source="#立方体_041-mesh-positions-array" count="8" stride="3">
              <param name="X" type="float"/>
              <param name="Y" type="float"/>
              <param name="Z" type="float"/>
            </accessor>
          </technique_common>
        </source>
        <source id="立方体_041-mesh-normals">
          <float_array id="立方体_041-mesh-normals-array" count="36">-1 0 0 0 1 0 1 0 0 0 -1 0 0 0 -1 0 0 1 -1 0 0 0 1 0 1 0 0 0 -1 0 0 0 -1 0 0 1</float_array>
          <technique_common>
            <accessor source="#立方体_041-mesh-normals-array" count="12" stride="3">
              <param name="X" type="float"/>
              <param name="Y" type="float"/>
              <param name="Z" type="float"/>
            </accessor>
          </technique_common>
        </source>
        <source id="立方体_041-mesh-map-0">
          <float_array id="立方体_041-mesh-map-0-array" count="72">0.625 0 0.375 0.25 0.375 0 0.625 0.25 0.375 0.5 0.375 0.25 0.625 0.5 0.375 0.75 0.375 0.5 0.625 0.75 0.375 1 0.375 0.75 0.375 0.5 0.125 0.75 0.125 0.5 0.875 0.5 0.625 0.75 0.625 0.5 0.625 0 0.625 0.25 0.375 0.25 0.625 0.25 0.625 0.5 0.375 0.5 0.625 0.5 0.625 0.75 0.375 0.75 0.625 0.75 0.625 1 0.375 1 0.375 0.5 0.375 0.75 0.125 0.75 0.875 0.5 0.875 0.75 0.625 0.75</float_array>
          <technique_common>
            <accessor source="#立方体_041-mesh-map-0-array" count="36" stride="2">
              <param name="S" type="float"/>
              <param name="T" type="float"/>
            </accessor>
          </technique_common>
        </source>
        <vertices id="立方体_041-mesh-vertices">
          <input semantic="POSITION" source="#立方体_041-mesh-positions"/>
        </vertices>
        <triangles count="12">
          <input semantic="VERTEX" source="#立方体_041-mesh-vertices" offset="0"/>
          <input semantic="NORMAL" source="#立方体_041-mesh-normals" offset="1"/>
          <input semantic="TEXCOORD" source="#立方体_041-mesh-map-0" offset="2" set="0"/>
          <p>1 0 0 2 0 1 0 0 2 3 1 3 6 1 4 2 1 5 7 2 6 4 2 7 6 2 8 5 3 9 0 3 10 4 3 11 6 4 12 0 4 13 2 4 14 3 5 15 5 5 16 7 5 17 1 6 18 3 6 19 2 6 20 3 7 21 7 7 22 6 7 23 7 8 24 5 8 25 4 8 26 5 9 27 1 9 28 0 9 29 6 10 30 4 10 31 0 10 32 3 11 33 1 11 34 5 11 35</p>
        </triangles>
      </mesh>
    </geometry>
    <geometry id="立方体_040-mesh" name="立方体.040">
      <mesh>
        <source id="立方体_040-mesh-positions">
          <float_array id="立方体_040-mesh-positions-array" count="24">-1 -1 -1 -1 -1 1 -1 1 -1 -1 1 1 1 -1 -1 1 -1 1 1 1 -1 1 1 1</float_array>
          <technique_common>
            <accessor source="#立方体_040-mesh-positions-array" count="8" stride="3">
              <param name="X" type="float"/>
              <param name="Y" type="float"/>
              <param name="Z" type="float"/>
            </accessor>
          </technique_common>
        </source>
        <source id="立方体_040-mesh-normals">
          <float_array id="立方体_040-mesh-normals-array" count="36">-1 0 0 0 1 0 1 0 0 0 -1 0 0 0 -1 0 0 1 -1 0 0 0 1 0 1 0 0 0 -1 0 0 0 -1 0 0 1</float_array>
          <technique_common>
            <accessor source="#立方体_040-mesh-normals-array" count="12" stride="3">
              <param name="X" type="float"/>
              <param name="Y" type="float"/>
              <param name="Z" type="float"/>
            </accessor>
          </technique_common>
        </source>
        <source id="立方体_040-mesh-map-0">
          <float_array id="立方体_040-mesh-map-0-array" count="72">0.625 0 0.375 0.25 0.375 0 0.625 0.25 0.375 0.5 0.375 0.25 0.625 0.5 0.375 0.75 0.375 0.5 0.625 0.75 0.375 1 0.375 0.75 0.375 0.5 0.125 0.75 0.125 0.5 0.875 0.5 0.625 0.75 0.625 0.5 0.625 0 0.625 0.25 0.375 0.25 0.625 0.25 0.625 0.5 0.375 0.5 0.625 0.5 0.625 0.75 0.375 0.75 0.625 0.75 0.625 1 0.375 1 0.375 0.5 0.375 0.75 0.125 0.75 0.875 0.5 0.875 0.75 0.625 0.75</float_array>
          <technique_common>
            <accessor source="#立方体_040-mesh-map-0-array" count="36" stride="2">
              <param name="S" type="float"/>
              <param name="T" type="float"/>
            </accessor>
          </technique_common>
        </source>
        <vertices id="立方体_040-mesh-vertices">
          <input semantic="POSITION" source="#立方体_040-mesh-positions"/>
        </vertices>
        <triangles count="12">
          <input semantic="VERTEX" source="#立方体_040-mesh-vertices" offset="0"/>
          <input semantic="NORMAL" source="#立方体_040-mesh-normals" offset="1"/>
          <input semantic="TEXCOORD" source="#立方体_040-mesh-map-0" offset="2" set="0"/>
          <p>1 0 0 2 0 1 0 0 2 3 1 3 6 1 4 2 1 5 7 2 6 4 2 7 6 2 8 5 3 9 0 3 10 4 3 11 6 4 12 0 4 13 2 4 14 3 5 15 5 5 16 7 5 17 1 6 18 3 6 19 2 6 20 3 7 21 7 7 22 6 7 23 7 8 24 5 8 25 4 8 26 5 9 27 1 9 28 0 9 29 6 10 30 4 10 31 0 10 32 3 11 33 1 11 34 5 11 35</p>
        </triangles>
      </mesh>
    </geometry>
    <geometry id="立方体_039-mesh" name="立方体.039">
      <mesh>
        <source id="立方体_039-mesh-positions">
          <float_array id="立方体_039-mesh-positions-array" count="24">-1 -1 -1 -1 -1 1 -1 1 -1 -1 1 1 1 -1 -1 1 -1 1 1 1 -1 1 1 1</float_array>
          <technique_common>
            <accessor source="#立方体_039-mesh-positions-array" count="8" stride="3">
              <param name="X" type="float"/>
              <param name="Y" type="float"/>
              <param name="Z" type="float"/>
            </accessor>
          </technique_common>
        </source>
        <source id="立方体_039-mesh-normals">
          <float_array id="立方体_039-mesh-normals-array" count="36">-1 0 0 0 1 0 1 0 0 0 -1 0 0 0 -1 0 0 1 -1 0 0 0 1 0 1 0 0 0 -1 0 0 0 -1 0 0 1</float_array>
          <technique_common>
            <accessor source="#立方体_039-mesh-normals-array" count="12" stride="3">
              <param name="X" type="float"/>
              <param name="Y" type="float"/>
              <param name="Z" type="float"/>
            </accessor>
          </technique_common>
        </source>
        <source id="立方体_039-mesh-map-0">
          <float_array id="立方体_039-mesh-map-0-array" count="72">0.625 0 0.375 0.25 0.375 0 0.625 0.25 0.375 0.5 0.375 0.25 0.625 0.5 0.375 0.75 0.375 0.5 0.625 0.75 0.375 1 0.375 0.75 0.375 0.5 0.125 0.75 0.125 0.5 0.875 0.5 0.625 0.75 0.625 0.5 0.625 0 0.625 0.25 0.375 0.25 0.625 0.25 0.625 0.5 0.375 0.5 0.625 0.5 0.625 0.75 0.375 0.75 0.625 0.75 0.625 1 0.375 1 0.375 0.5 0.375 0.75 0.125 0.75 0.875 0.5 0.875 0.75 0.625 0.75</float_array>
          <technique_common>
            <accessor source="#立方体_039-mesh-map-0-array" count="36" stride="2">
              <param name="S" type="float"/>
              <param name="T" type="float"/>
            </accessor>
          </technique_common>
        </source>
        <vertices id="立方体_039-mesh-vertices">
          <input semantic="POSITION" source="#立方体_039-mesh-positions"/>
        </vertices>
        <triangles count="12">
          <input semantic="VERTEX" source="#立方体_039-mesh-vertices" offset="0"/>
          <input semantic="NORMAL" source="#立方体_039-mesh-normals" offset="1"/>
          <input semantic="TEXCOORD" source="#立方体_039-mesh-map-0" offset="2" set="0"/>
          <p>1 0 0 2 0 1 0 0 2 3 1 3 6 1 4 2 1 5 7 2 6 4 2 7 6 2 8 5 3 9 0 3 10 4 3 11 6 4 12 0 4 13 2 4 14 3 5 15 5 5 16 7 5 17 1 6 18 3 6 19 2 6 20 3 7 21 7 7 22 6 7 23 7 8 24 5 8 25 4 8 26 5 9 27 1 9 28 0 9 29 6 10 30 4 10 31 0 10 32 3 11 33 1 11 34 5 11 35</p>
        </triangles>
      </mesh>
    </geometry>
    <geometry id="立方体_038-mesh" name="立方体.038">
      <mesh>
        <source id="立方体_038-mesh-positions">
          <float_array id="立方体_038-mesh-positions-array" count="24">-1 -1 -1 -1 -1 1 -1 1 -1 -1 1 1 1 -1 -1 1 -1 1 1 1 -1 1 1 1</float_array>
          <technique_common>
            <accessor source="#立方体_038-mesh-positions-array" count="8" stride="3">
              <param name="X" type="float"/>
              <param name="Y" type="float"/>
              <param name="Z" type="float"/>
            </accessor>
          </technique_common>
        </source>
        <source id="立方体_038-mesh-normals">
          <float_array id="立方体_038-mesh-normals-array" count="36">-1 0 0 0 1 0 1 0 0 0 -1 0 0 0 -1 0 0 1 -1 0 0 0 1 0 1 0 0 0 -1 0 0 0 -1 0 0 1</float_array>
          <technique_common>
            <accessor source="#立方体_038-mesh-normals-array" count="12" stride="3">
              <param name="X" type="float"/>
              <param name="Y" type="float"/>
              <param name="Z" type="float"/>
            </accessor>
          </technique_common>
        </source>
        <source id="立方体_038-mesh-map-0">
          <float_array id="立方体_038-mesh-map-0-array" count="72">0.625 0 0.375 0.25 0.375 0 0.625 0.25 0.375 0.5 0.375 0.25 0.625 0.5 0.375 0.75 0.375 0.5 0.625 0.75 0.375 1 0.375 0.75 0.375 0.5 0.125 0.75 0.125 0.5 0.875 0.5 0.625 0.75 0.625 0.5 0.625 0 0.625 0.25 0.375 0.25 0.625 0.25 0.625 0.5 0.375 0.5 0.625 0.5 0.625 0.75 0.375 0.75 0.625 0.75 0.625 1 0.375 1 0.375 0.5 0.375 0.75 0.125 0.75 0.875 0.5 0.875 0.75 0.625 0.75</float_array>
          <technique_common>
            <accessor source="#立方体_038-mesh-map-0-array" count="36" stride="2">
              <param name="S" type="float"/>
              <param name="T" type="float"/>
            </accessor>
          </technique_common>
        </source>
        <vertices id="立方体_038-mesh-vertices">
          <input semantic="POSITION" source="#立方体_038-mesh-positions"/>
        </vertices>
        <triangles count="12">
          <input semantic="VERTEX" source="#立方体_038-mesh-vertices" offset="0"/>
          <input semantic="NORMAL" source="#立方体_038-mesh-normals" offset="1"/>
          <input semantic="TEXCOORD" source="#立方体_038-mesh-map-0" offset="2" set="0"/>
          <p>1 0 0 2 0 1 0 0 2 3 1 3 6 1 4 2 1 5 7 2 6 4 2 7 6 2 8 5 3 9 0 3 10 4 3 11 6 4 12 0 4 13 2 4 14 3 5 15 5 5 16 7 5 17 1 6 18 3 6 19 2 6 20 3 7 21 7 7 22 6 7 23 7 8 24 5 8 25 4 8 26 5 9 27 1 9 28 0 9 29 6 10 30 4 10 31 0 10 32 3 11 33 1 11 34 5 11 35</p>
        </triangles>
      </mesh>
    </geometry>
    <geometry id="立方体_037-mesh" name="立方体.037">
      <mesh>
        <source id="立方体_037-mesh-positions">
          <float_array id="立方体_037-mesh-positions-array" count="24">-1 -1 -1 -1 -1 1 -1 1 -1 -1 1 1 1 -1 -1 1 -1 1 1 1 -1 1 1 1</float_array>
          <technique_common>
            <accessor source="#立方体_037-mesh-positions-array" count="8" stride="3">
              <param name="X" type="float"/>
              <param name="Y" type="float"/>
              <param name="Z" type="float"/>
            </accessor>
          </technique_common>
        </source>
        <source id="立方体_037-mesh-normals">
          <float_array id="立方体_037-mesh-normals-array" count="36">-1 0 0 0 1 0 1 0 0 0 -1 0 0 0 -1 0 0 1 -1 0 0 0 1 0 1 0 0 0 -1 0 0 0 -1 0 0 1</float_array>
          <technique_common>
            <accessor source="#立方体_037-mesh-normals-array" count="12" stride="3">
              <param name="X" type="float"/>
              <param name="Y" type="float"/>
              <param name="Z" type="float"/>
            </accessor>
          </technique_common>
        </source>
        <source id="立方体_037-mesh-map-0">
          <float_array id="立方体_037-mesh-map-0-array" count="72">0.625 0 0.375 0.25 0.375 0 0.625 0.25 0.375 0.5 0.375 0.25 0.625 0.5 0.375 0.75 0.375 0.5 0.625 0.75 0.375 1 0.375 0.75 0.375 0.5 0.125 0.75 0.125 0.5 0.875 0.5 0.625 0.75 0.625 0.5 0.625 0 0.625 0.25 0.375 0.25 0.625 0.25 0.625 0.5 0.375 0.5 0.625 0.5 0.625 0.75 0.375 0.75 0.625 0.75 0.625 1 0.375 1 0.375 0.5 0.375 0.75 0.125 0.75 0.875 0.5 0.875 0.75 0.625 0.75</float_array>
          <technique_common>
            <accessor source="#立方体_037-mesh-map-0-array" count="36" stride="2">
              <param name="S" type="float"/>
              <param name="T" type="float"/>
            </accessor>
          </technique_common>
        </source>
        <vertices id="立方体_037-mesh-vertices">
          <input semantic="POSITION" source="#立方体_037-mesh-positions"/>
        </vertices>
        <triangles count="12">
          <input semantic="VERTEX" source="#立方体_037-mesh-vertices" offset="0"/>
          <input semantic="NORMAL" source="#立方体_037-mesh-normals" offset="1"/>
          <input semantic="TEXCOORD" source="#立方体_037-mesh-map-0" offset="2" set="0"/>
          <p>1 0 0 2 0 1 0 0 2 3 1 3 6 1 4 2 1 5 7 2 6 4 2 7 6 2 8 5 3 9 0 3 10 4 3 11 6 4 12 0 4 13 2 4 14 3 5 15 5 5 16 7 5 17 1 6 18 3 6 19 2 6 20 3 7 21 7 7 22 6 7 23 7 8 24 5 8 25 4 8 26 5 9 27 1 9 28 0 9 29 6 10 30 4 10 31 0 10 32 3 11 33 1 11 34 5 11 35</p>
        </triangles>
      </mesh>
    </geometry>
    <geometry id="立方体_036-mesh" name="立方体.036">
      <mesh>
        <source id="立方体_036-mesh-positions">
          <float_array id="立方体_036-mesh-positions-array" count="24">-1 -1 -1 -1 -1 1 -1 1 -1 -1 1 1 1 -1 -1 1 -1 1 1 1 -1 1 1 1</float_array>
          <technique_common>
            <accessor source="#立方体_036-mesh-positions-array" count="8" stride="3">
              <param name="X" type="float"/>
              <param name="Y" type="float"/>
              <param name="Z" type="float"/>
            </accessor>
          </technique_common>
        </source>
        <source id="立方体_036-mesh-normals">
          <float_array id="立方体_036-mesh-normals-array" count="36">-1 0 0 0 1 0 1 0 0 0 -1 0 0 0 -1 0 0 1 -1 0 0 0 1 0 1 0 0 0 -1 0 0 0 -1 0 0 1</float_array>
          <technique_common>
            <accessor source="#立方体_036-mesh-normals-array" count="12" stride="3">
              <param name="X" type="float"/>
              <param name="Y" type="float"/>
              <param name="Z" type="float"/>
            </accessor>
          </technique_common>
        </source>
        <source id="立方体_036-mesh-map-0">
          <float_array id="立方体_036-mesh-map-0-array" count="72">0.625 0 0.375 0.25 0.375 0 0.625 0.25 0.375 0.5 0.375 0.25 0.625 0.5 0.375 0.75 0.375 0.5 0.625 0.75 0.375 1 0.375 0.75 0.375 0.5 0.125 0.75 0.125 0.5 0.875 0.5 0.625 0.75 0.625 0.5 0.625 0 0.625 0.25 0.375 0.25 0.625 0.25 0.625 0.5 0.375 0.5 0.625 0.5 0.625 0.75 0.375 0.75 0.625 0.75 0.625 1 0.375 1 0.375 0.5 0.375 0.75 0.125 0.75 0.875 0.5 0.875 0.75 0.625 0.75</float_array>
          <technique_common>
            <accessor source="#立方体_036-mesh-map-0-array" count="36" stride="2">
              <param name="S" type="float"/>
              <param name="T" type="float"/>
            </accessor>
          </technique_common>
        </source>
        <vertices id="立方体_036-mesh-vertices">
          <input semantic="POSITION" source="#立方体_036-mesh-positions"/>
        </vertices>
        <triangles count="12">
          <input semantic="VERTEX" source="#立方体_036-mesh-vertices" offset="0"/>
          <input semantic="NORMAL" source="#立方体_036-mesh-normals" offset="1"/>
          <input semantic="TEXCOORD" source="#立方体_036-mesh-map-0" offset="2" set="0"/>
          <p>1 0 0 2 0 1 0 0 2 3 1 3 6 1 4 2 1 5 7 2 6 4 2 7 6 2 8 5 3 9 0 3 10 4 3 11 6 4 12 0 4 13 2 4 14 3 5 15 5 5 16 7 5 17 1 6 18 3 6 19 2 6 20 3 7 21 7 7 22 6 7 23 7 8 24 5 8 25 4 8 26 5 9 27 1 9 28 0 9 29 6 10 30 4 10 31 0 10 32 3 11 33 1 11 34 5 11 35</p>
        </triangles>
      </mesh>
    </geometry>
    <geometry id="立方体_035-mesh" name="立方体.035">
      <mesh>
        <source id="立方体_035-mesh-positions">
          <float_array id="立方体_035-mesh-positions-array" count="24">-1 -1 -1 -1 -1 1 -1 1 -1 -1 1 1 1 -1 -1 1 -1 1 1 1 -1 1 1 1</float_array>
          <technique_common>
            <accessor source="#立方体_035-mesh-positions-array" count="8" stride="3">
              <param name="X" type="float"/>
              <param name="Y" type="float"/>
              <param name="Z" type="float"/>
            </accessor>
          </technique_common>
        </source>
        <source id="立方体_035-mesh-normals">
          <float_array id="立方体_035-mesh-normals-array" count="36">-1 0 0 0 1 0 1 0 0 0 -1 0 0 0 -1 0 0 1 -1 0 0 0 1 0 1 0 0 0 -1 0 0 0 -1 0 0 1</float_array>
          <technique_common>
            <accessor source="#立方体_035-mesh-normals-array" count="12" stride="3">
              <param name="X" type="float"/>
              <param name="Y" type="float"/>
              <param name="Z" type="float"/>
            </accessor>
          </technique_common>
        </source>
        <source id="立方体_035-mesh-map-0">
          <float_array id="立方体_035-mesh-map-0-array" count="72">0.625 0 0.375 0.25 0.375 0 0.625 0.25 0.375 0.5 0.375 0.25 0.625 0.5 0.375 0.75 0.375 0.5 0.625 0.75 0.375 1 0.375 0.75 0.375 0.5 0.125 0.75 0.125 0.5 0.875 0.5 0.625 0.75 0.625 0.5 0.625 0 0.625 0.25 0.375 0.25 0.625 0.25 0.625 0.5 0.375 0.5 0.625 0.5 0.625 0.75 0.375 0.75 0.625 0.75 0.625 1 0.375 1 0.375 0.5 0.375 0.75 0.125 0.75 0.875 0.5 0.875 0.75 0.625 0.75</float_array>
          <technique_common>
            <accessor source="#立方体_035-mesh-map-0-array" count="36" stride="2">
              <param name="S" type="float"/>
              <param name="T" type="float"/>
            </accessor>
          </technique_common>
        </source>
        <vertices id="立方体_035-mesh-vertices">
          <input semantic="POSITION" source="#立方体_035-mesh-positions"/>
        </vertices>
        <triangles count="12">
          <input semantic="VERTEX" source="#立方体_035-mesh-vertices" offset="0"/>
          <input semantic="NORMAL" source="#立方体_035-mesh-normals" offset="1"/>
          <input semantic="TEXCOORD" source="#立方体_035-mesh-map-0" offset="2" set="0"/>
          <p>1 0 0 2 0 1 0 0 2 3 1 3 6 1 4 2 1 5 7 2 6 4 2 7 6 2 8 5 3 9 0 3 10 4 3 11 6 4 12 0 4 13 2 4 14 3 5 15 5 5 16 7 5 17 1 6 18 3 6 19 2 6 20 3 7 21 7 7 22 6 7 23 7 8 24 5 8 25 4 8 26 5 9 27 1 9 28 0 9 29 6 10 30 4 10 31 0 10 32 3 11 33 1 11 34 5 11 35</p>
        </triangles>
      </mesh>
    </geometry>
    <geometry id="平面_011-mesh" name="平面.011">
      <mesh>
        <source id="平面_011-mesh-positions">
          <float_array id="平面_011-mesh-positions-array" count="12">-1 -1 0 1 -1 0 -1 1 0 1 1 0</float_array>
          <technique_common>
            <accessor source="#平面_011-mesh-positions-array" count="4" stride="3">
              <param name="X" type="float"/>
              <param name="Y" type="float"/>
              <param name="Z" type="float"/>
            </accessor>
          </technique_common>
        </source>
        <source id="平面_011-mesh-normals">
          <float_array id="平面_011-mesh-normals-array" count="6">0 0 1 0 0 1</float_array>
          <technique_common>
            <accessor source="#平面_011-mesh-normals-array" count="2" stride="3">
              <param name="X" type="float"/>
              <param name="Y" type="float"/>
              <param name="Z" type="float"/>
            </accessor>
          </technique_common>
        </source>
        <source id="平面_011-mesh-map-0">
          <float_array id="平面_011-mesh-map-0-array" count="12">1 0 0 1 0 0 1 0 1 1 0 1</float_array>
          <technique_common>
            <accessor source="#平面_011-mesh-map-0-array" count="6" stride="2">
              <param name="S" type="float"/>
              <param name="T" type="float"/>
            </accessor>
          </technique_common>
        </source>
        <vertices id="平面_011-mesh-vertices">
          <input semantic="POSITION" source="#平面_011-mesh-positions"/>
        </vertices>
        <triangles count="2">
          <input semantic="VERTEX" source="#平面_011-mesh-vertices" offset="0"/>
          <input semantic="NORMAL" source="#平面_011-mesh-normals" offset="1"/>
          <input semantic="TEXCOORD" source="#平面_011-mesh-map-0" offset="2" set="0"/>
          <p>1 0 0 2 0 1 0 0 2 1 1 3 3 1 4 2 1 5</p>
        </triangles>
      </mesh>
    </geometry>
    <geometry id="平面_010-mesh" name="平面.010">
      <mesh>
        <source id="平面_010-mesh-positions">
          <float_array id="平面_010-mesh-positions-array" count="12">-1 -1 0 1 -1 0 -1 1 0 1 1 0</float_array>
          <technique_common>
            <accessor source="#平面_010-mesh-positions-array" count="4" stride="3">
              <param name="X" type="float"/>
              <param name="Y" type="float"/>
              <param name="Z" type="float"/>
            </accessor>
          </technique_common>
        </source>
        <source id="平面_010-mesh-normals">
          <float_array id="平面_010-mesh-normals-array" count="6">0 0 1 0 0 1</float_array>
          <technique_common>
            <accessor source="#平面_010-mesh-normals-array" count="2" stride="3">
              <param name="X" type="float"/>
              <param name="Y" type="float"/>
              <param name="Z" type="float"/>
            </accessor>
          </technique_common>
        </source>
        <source id="平面_010-mesh-map-0">
          <float_array id="平面_010-mesh-map-0-array" count="12">1 0 0 1 0 0 1 0 1 1 0 1</float_array>
          <technique_common>
            <accessor source="#平面_010-mesh-map-0-array" count="6" stride="2">
              <param name="S" type="float"/>
              <param name="T" type="float"/>
            </accessor>
          </technique_common>
        </source>
        <vertices id="平面_010-mesh-vertices">
          <input semantic="POSITION" source="#平面_010-mesh-positions"/>
        </vertices>
        <triangles count="2">
          <input semantic="VERTEX" source="#平面_010-mesh-vertices" offset="0"/>
          <input semantic="NORMAL" source="#平面_010-mesh-normals" offset="1"/>
          <input semantic="TEXCOORD" source="#平面_010-mesh-map-0" offset="2" set="0"/>
          <p>1 0 0 2 0 1 0 0 2 1 1 3 3 1 4 2 1 5</p>
        </triangles>
      </mesh>
    </geometry>
    <geometry id="平面_009-mesh" name="平面.009">
      <mesh>
        <source id="平面_009-mesh-positions">
          <float_array id="平面_009-mesh-positions-array" count="12">-1 -1 0 1 -1 0 -1 1 0 1 1 0</float_array>
          <technique_common>
            <accessor source="#平面_009-mesh-positions-array" count="4" stride="3">
              <param name="X" type="float"/>
              <param name="Y" type="float"/>
              <param name="Z" type="float"/>
            </accessor>
          </technique_common>
        </source>
        <source id="平面_009-mesh-normals">
          <float_array id="平面_009-mesh-normals-array" count="6">0 0 1 0 0 1</float_array>
          <technique_common>
            <accessor source="#平面_009-mesh-normals-array" count="2" stride="3">
              <param name="X" type="float"/>
              <param name="Y" type="float"/>
              <param name="Z" type="float"/>
            </accessor>
          </technique_common>
        </source>
        <source id="平面_009-mesh-map-0">
          <float_array id="平面_009-mesh-map-0-array" count="12">1 0 0 1 0 0 1 0 1 1 0 1</float_array>
          <technique_common>
            <accessor source="#平面_009-mesh-map-0-array" count="6" stride="2">
              <param name="S" type="float"/>
              <param name="T" type="float"/>
            </accessor>
          </technique_common>
        </source>
        <vertices id="平面_009-mesh-vertices">
          <input semantic="POSITION" source="#平面_009-mesh-positions"/>
        </vertices>
        <triangles count="2">
          <input semantic="VERTEX" source="#平面_009-mesh-vertices" offset="0"/>
          <input semantic="NORMAL" source="#平面_009-mesh-normals" offset="1"/>
          <input semantic="TEXCOORD" source="#平面_009-mesh-map-0" offset="2" set="0"/>
          <p>1 0 0 2 0 1 0 0 2 1 1 3 3 1 4 2 1 5</p>
        </triangles>
      </mesh>
    </geometry>
    <geometry id="立方体_034-mesh" name="立方体.034">
      <mesh>
        <source id="立方体_034-mesh-positions">
          <float_array id="立方体_034-mesh-positions-array" count="24">-1 -1 -1 -1 -1 1 -1 1 -1 -1 1 1 1 -1 -1 1 -1 1 1 1 -1 1 1 1</float_array>
          <technique_common>
            <accessor source="#立方体_034-mesh-positions-array" count="8" stride="3">
              <param name="X" type="float"/>
              <param name="Y" type="float"/>
              <param name="Z" type="float"/>
            </accessor>
          </technique_common>
        </source>
        <source id="立方体_034-mesh-normals">
          <float_array id="立方体_034-mesh-normals-array" count="36">-1 0 0 0 1 0 1 0 0 0 -1 0 0 0 -1 0 0 1 -1 0 0 0 1 0 1 0 0 0 -1 0 0 0 -1 0 0 1</float_array>
          <technique_common>
            <accessor source="#立方体_034-mesh-normals-array" count="12" stride="3">
              <param name="X" type="float"/>
              <param name="Y" type="float"/>
              <param name="Z" type="float"/>
            </accessor>
          </technique_common>
        </source>
        <source id="立方体_034-mesh-map-0">
          <float_array id="立方体_034-mesh-map-0-array" count="72">0.625 0 0.375 0.25 0.375 0 0.625 0.25 0.375 0.5 0.375 0.25 0.625 0.5 0.375 0.75 0.375 0.5 0.625 0.75 0.375 1 0.375 0.75 0.375 0.5 0.125 0.75 0.125 0.5 0.875 0.5 0.625 0.75 0.625 0.5 0.625 0 0.625 0.25 0.375 0.25 0.625 0.25 0.625 0.5 0.375 0.5 0.625 0.5 0.625 0.75 0.375 0.75 0.625 0.75 0.625 1 0.375 1 0.375 0.5 0.375 0.75 0.125 0.75 0.875 0.5 0.875 0.75 0.625 0.75</float_array>
          <technique_common>
            <accessor source="#立方体_034-mesh-map-0-array" count="36" stride="2">
              <param name="S" type="float"/>
              <param name="T" type="float"/>
            </accessor>
          </technique_common>
        </source>
        <vertices id="立方体_034-mesh-vertices">
          <input semantic="POSITION" source="#立方体_034-mesh-positions"/>
        </vertices>
        <triangles count="12">
          <input semantic="VERTEX" source="#立方体_034-mesh-vertices" offset="0"/>
          <input semantic="NORMAL" source="#立方体_034-mesh-normals" offset="1"/>
          <input semantic="TEXCOORD" source="#立方体_034-mesh-map-0" offset="2" set="0"/>
          <p>1 0 0 2 0 1 0 0 2 3 1 3 6 1 4 2 1 5 7 2 6 4 2 7 6 2 8 5 3 9 0 3 10 4 3 11 6 4 12 0 4 13 2 4 14 3 5 15 5 5 16 7 5 17 1 6 18 3 6 19 2 6 20 3 7 21 7 7 22 6 7 23 7 8 24 5 8 25 4 8 26 5 9 27 1 9 28 0 9 29 6 10 30 4 10 31 0 10 32 3 11 33 1 11 34 5 11 35</p>
        </triangles>
      </mesh>
    </geometry>
    <geometry id="平面_008-mesh" name="平面.008">
      <mesh>
        <source id="平面_008-mesh-positions">
          <float_array id="平面_008-mesh-positions-array" count="75">-1 -1 0 1 -1 0 1 1 0 -1 -1 0 1 1 0 -1 1 0 1 1 0 -1 -1 0 1 -1 0 1 1 0 -1 1 0 1 1 0 -1 -1 0 1 -1 0 1 -1 0 -1 -1 0 -1 -1 0 1 1 0 1.000122 0.9965649 0.011608 -0.9984287 -1.007386 0.01935529 -0.9984287 -1.007386 0.01935529 1 -1 0 -0.9998776 0.9965649 0.011608 1 -1 0 1 -1 0</float_array>
          <technique_common>
            <accessor source="#平面_008-mesh-positions-array" count="25" stride="3">
              <param name="X" type="float"/>
              <param name="Y" type="float"/>
              <param name="Z" type="float"/>
            </accessor>
          </technique_common>
        </source>
        <source id="平面_008-mesh-normals">
          <float_array id="平面_008-mesh-normals-array" count="63">0 0 1 0 0 1 0 0 1 0 0 1 0 0 1 0 0 1 0 0 1 0 -0.9588959 -0.2837583 0 0 1 0 0 1 0 0 1 0 0 1 0 0 1 0 0 1 0 0 1 0 0 1 0 0 1 0 0 1 0 0 1 0 0 1 0 -0.9588959 -0.2837583</float_array>
          <technique_common>
            <accessor source="#平面_008-mesh-normals-array" count="21" stride="3">
              <param name="X" type="float"/>
              <param name="Y" type="float"/>
              <param name="Z" type="float"/>
            </accessor>
          </technique_common>
        </source>
        <source id="平面_008-mesh-map-0">
          <float_array id="平面_008-mesh-map-0-array" count="126">0 1 1 0 1 1 0 0 0 0 1 0 1 0 1 1 1 1 1 1 0 1 0 1 1 1 1 1 1 1 1 0 1 0 1 0 0 0 0 0 0 0 1 1 0 1 0 1 0 1 0 0 0 0 0 1 0 0 1 0 1 1 1 1 0 1 1 0 1 0 1 0 0 0 0 0 0 0 0 0 0 0 0 0 1 0 1 0 0 0 1 0 1 0 1 1 1 1 1 1 0 1 1 1 1 1 1 1 1 0 1 0 1 0 0 0 0 0 0 0 1 1 1 1 0 1</float_array>
          <technique_common>
            <accessor source="#平面_008-mesh-map-0-array" count="63" stride="2">
              <param name="S" type="float"/>
              <param name="T" type="float"/>
            </accessor>
          </technique_common>
        </source>
        <vertices id="平面_008-mesh-vertices">
          <input semantic="POSITION" source="#平面_008-mesh-positions"/>
        </vertices>
        <triangles count="21">
          <input semantic="VERTEX" source="#平面_008-mesh-vertices" offset="0"/>
          <input semantic="NORMAL" source="#平面_008-mesh-normals" offset="1"/>
          <input semantic="TEXCOORD" source="#平面_008-mesh-map-0" offset="2" set="0"/>
          <p>5 0 0 1 0 1 2 0 2 0 1 3 3 1 4 14 1 5 1 2 6 9 2 7 2 2 8 6 3 9 10 3 10 5 3 11 2 4 12 4 4 13 6 4 14 1 5 15 24 5 16 8 5 17 3 6 18 20 6 19 7 6 20 11 7 21 22 7 22 10 7 23 5 8 24 12 8 25 0 8 26 5 9 27 0 9 28 1 9 29 2 10 30 6 10 31 5 10 32 14 11 33 13 11 34 1 11 35 0 12 36 15 12 37 16 12 38 0 13 39 16 13 40 3 13 41 14 14 42 1 14 43 0 14 44 1 15 45 8 15 46 9 15 47 6 16 48 11 16 49 10 16 50 2 17 51 17 17 52 4 17 53 1 18 54 23 18 55 24 18 56 3 19 57 19 19 58 20 19 59 11 20 60 18 20 61 22 20 62</p>
        </triangles>
      </mesh>
    </geometry>
    <geometry id="平面_007-mesh" name="平面.007">
      <mesh>
        <source id="平面_007-mesh-positions">
          <float_array id="平面_007-mesh-positions-array" count="12">-1 -1 0 1 -1 0 -1 1 0 1 1 0</float_array>
          <technique_common>
            <accessor source="#平面_007-mesh-positions-array" count="4" stride="3">
              <param name="X" type="float"/>
              <param name="Y" type="float"/>
              <param name="Z" type="float"/>
            </accessor>
          </technique_common>
        </source>
        <source id="平面_007-mesh-normals">
          <float_array id="平面_007-mesh-normals-array" count="6">0 0 1 0 0 1</float_array>
          <technique_common>
            <accessor source="#平面_007-mesh-normals-array" count="2" stride="3">
              <param name="X" type="float"/>
              <param name="Y" type="float"/>
              <param name="Z" type="float"/>
            </accessor>
          </technique_common>
        </source>
        <source id="平面_007-mesh-map-0">
          <float_array id="平面_007-mesh-map-0-array" count="12">1 0 0 1 0 0 1 0 1 1 0 1</float_array>
          <technique_common>
            <accessor source="#平面_007-mesh-map-0-array" count="6" stride="2">
              <param name="S" type="float"/>
              <param name="T" type="float"/>
            </accessor>
          </technique_common>
        </source>
        <vertices id="平面_007-mesh-vertices">
          <input semantic="POSITION" source="#平面_007-mesh-positions"/>
        </vertices>
        <triangles count="2">
          <input semantic="VERTEX" source="#平面_007-mesh-vertices" offset="0"/>
          <input semantic="NORMAL" source="#平面_007-mesh-normals" offset="1"/>
          <input semantic="TEXCOORD" source="#平面_007-mesh-map-0" offset="2" set="0"/>
          <p>1 0 0 2 0 1 0 0 2 1 1 3 3 1 4 2 1 5</p>
        </triangles>
      </mesh>
    </geometry>
    <geometry id="立方体_032-mesh" name="立方体.032">
      <mesh>
        <source id="立方体_032-mesh-positions">
          <float_array id="立方体_032-mesh-positions-array" count="24">-1 -1 -1 -1 -1 1 -1 1 -1 -1 1 1 1 -1 -1 1 -1 1 1 1 -1 1 1 1</float_array>
          <technique_common>
            <accessor source="#立方体_032-mesh-positions-array" count="8" stride="3">
              <param name="X" type="float"/>
              <param name="Y" type="float"/>
              <param name="Z" type="float"/>
            </accessor>
          </technique_common>
        </source>
        <source id="立方体_032-mesh-normals">
          <float_array id="立方体_032-mesh-normals-array" count="36">-1 0 0 0 1 0 1 0 0 0 -1 0 0 0 -1 0 0 1 -1 0 0 0 1 0 1 0 0 0 -1 0 0 0 -1 0 0 1</float_array>
          <technique_common>
            <accessor source="#立方体_032-mesh-normals-array" count="12" stride="3">
              <param name="X" type="float"/>
              <param name="Y" type="float"/>
              <param name="Z" type="float"/>
            </accessor>
          </technique_common>
        </source>
        <source id="立方体_032-mesh-map-0">
          <float_array id="立方体_032-mesh-map-0-array" count="72">0.625 0 0.375 0.25 0.375 0 0.625 0.25 0.375 0.5 0.375 0.25 0.625 0.5 0.375 0.75 0.375 0.5 0.625 0.75 0.375 1 0.375 0.75 0.375 0.5 0.125 0.75 0.125 0.5 0.875 0.5 0.625 0.75 0.625 0.5 0.625 0 0.625 0.25 0.375 0.25 0.625 0.25 0.625 0.5 0.375 0.5 0.625 0.5 0.625 0.75 0.375 0.75 0.625 0.75 0.625 1 0.375 1 0.375 0.5 0.375 0.75 0.125 0.75 0.875 0.5 0.875 0.75 0.625 0.75</float_array>
          <technique_common>
            <accessor source="#立方体_032-mesh-map-0-array" count="36" stride="2">
              <param name="S" type="float"/>
              <param name="T" type="float"/>
            </accessor>
          </technique_common>
        </source>
        <vertices id="立方体_032-mesh-vertices">
          <input semantic="POSITION" source="#立方体_032-mesh-positions"/>
        </vertices>
        <triangles count="12">
          <input semantic="VERTEX" source="#立方体_032-mesh-vertices" offset="0"/>
          <input semantic="NORMAL" source="#立方体_032-mesh-normals" offset="1"/>
          <input semantic="TEXCOORD" source="#立方体_032-mesh-map-0" offset="2" set="0"/>
          <p>1 0 0 2 0 1 0 0 2 3 1 3 6 1 4 2 1 5 7 2 6 4 2 7 6 2 8 5 3 9 0 3 10 4 3 11 6 4 12 0 4 13 2 4 14 3 5 15 5 5 16 7 5 17 1 6 18 3 6 19 2 6 20 3 7 21 7 7 22 6 7 23 7 8 24 5 8 25 4 8 26 5 9 27 1 9 28 0 9 29 6 10 30 4 10 31 0 10 32 3 11 33 1 11 34 5 11 35</p>
        </triangles>
      </mesh>
    </geometry>
    <geometry id="立方体_031-mesh" name="立方体.031">
      <mesh>
        <source id="立方体_031-mesh-positions">
          <float_array id="立方体_031-mesh-positions-array" count="24">-1 -1 -1 -1 -1 1 -1 1 -1 -1 1 1 1 -1 -1 1 -1 1 1 1 -1 1 1 1</float_array>
          <technique_common>
            <accessor source="#立方体_031-mesh-positions-array" count="8" stride="3">
              <param name="X" type="float"/>
              <param name="Y" type="float"/>
              <param name="Z" type="float"/>
            </accessor>
          </technique_common>
        </source>
        <source id="立方体_031-mesh-normals">
          <float_array id="立方体_031-mesh-normals-array" count="36">-1 0 0 0 1 0 1 0 0 0 -1 0 0 0 -1 0 0 1 -1 0 0 0 1 0 1 0 0 0 -1 0 0 0 -1 0 0 1</float_array>
          <technique_common>
            <accessor source="#立方体_031-mesh-normals-array" count="12" stride="3">
              <param name="X" type="float"/>
              <param name="Y" type="float"/>
              <param name="Z" type="float"/>
            </accessor>
          </technique_common>
        </source>
        <source id="立方体_031-mesh-map-0">
          <float_array id="立方体_031-mesh-map-0-array" count="72">0.625 0 0.375 0.25 0.375 0 0.625 0.25 0.375 0.5 0.375 0.25 0.625 0.5 0.375 0.75 0.375 0.5 0.625 0.75 0.375 1 0.375 0.75 0.375 0.5 0.125 0.75 0.125 0.5 0.875 0.5 0.625 0.75 0.625 0.5 0.625 0 0.625 0.25 0.375 0.25 0.625 0.25 0.625 0.5 0.375 0.5 0.625 0.5 0.625 0.75 0.375 0.75 0.625 0.75 0.625 1 0.375 1 0.375 0.5 0.375 0.75 0.125 0.75 0.875 0.5 0.875 0.75 0.625 0.75</float_array>
          <technique_common>
            <accessor source="#立方体_031-mesh-map-0-array" count="36" stride="2">
              <param name="S" type="float"/>
              <param name="T" type="float"/>
            </accessor>
          </technique_common>
        </source>
        <vertices id="立方体_031-mesh-vertices">
          <input semantic="POSITION" source="#立方体_031-mesh-positions"/>
        </vertices>
        <triangles count="12">
          <input semantic="VERTEX" source="#立方体_031-mesh-vertices" offset="0"/>
          <input semantic="NORMAL" source="#立方体_031-mesh-normals" offset="1"/>
          <input semantic="TEXCOORD" source="#立方体_031-mesh-map-0" offset="2" set="0"/>
          <p>1 0 0 2 0 1 0 0 2 3 1 3 6 1 4 2 1 5 7 2 6 4 2 7 6 2 8 5 3 9 0 3 10 4 3 11 6 4 12 0 4 13 2 4 14 3 5 15 5 5 16 7 5 17 1 6 18 3 6 19 2 6 20 3 7 21 7 7 22 6 7 23 7 8 24 5 8 25 4 8 26 5 9 27 1 9 28 0 9 29 6 10 30 4 10 31 0 10 32 3 11 33 1 11 34 5 11 35</p>
        </triangles>
      </mesh>
    </geometry>
    <geometry id="立方体_030-mesh" name="立方体.030">
      <mesh>
        <source id="立方体_030-mesh-positions">
          <float_array id="立方体_030-mesh-positions-array" count="24">-1 -1 -1 -1 -1 1 -1 1 -1 -1 1 1 1 -1 -1 1 -1 1 1 1 -1 1 1 1</float_array>
          <technique_common>
            <accessor source="#立方体_030-mesh-positions-array" count="8" stride="3">
              <param name="X" type="float"/>
              <param name="Y" type="float"/>
              <param name="Z" type="float"/>
            </accessor>
          </technique_common>
        </source>
        <source id="立方体_030-mesh-normals">
          <float_array id="立方体_030-mesh-normals-array" count="36">-1 0 0 0 1 0 1 0 0 0 -1 0 0 0 -1 0 0 1 -1 0 0 0 1 0 1 0 0 0 -1 0 0 0 -1 0 0 1</float_array>
          <technique_common>
            <accessor source="#立方体_030-mesh-normals-array" count="12" stride="3">
              <param name="X" type="float"/>
              <param name="Y" type="float"/>
              <param name="Z" type="float"/>
            </accessor>
          </technique_common>
        </source>
        <source id="立方体_030-mesh-map-0">
          <float_array id="立方体_030-mesh-map-0-array" count="72">0.625 0 0.375 0.25 0.375 0 0.625 0.25 0.375 0.5 0.375 0.25 0.625 0.5 0.375 0.75 0.375 0.5 0.625 0.75 0.375 1 0.375 0.75 0.375 0.5 0.125 0.75 0.125 0.5 0.875 0.5 0.625 0.75 0.625 0.5 0.625 0 0.625 0.25 0.375 0.25 0.625 0.25 0.625 0.5 0.375 0.5 0.625 0.5 0.625 0.75 0.375 0.75 0.625 0.75 0.625 1 0.375 1 0.375 0.5 0.375 0.75 0.125 0.75 0.875 0.5 0.875 0.75 0.625 0.75</float_array>
          <technique_common>
            <accessor source="#立方体_030-mesh-map-0-array" count="36" stride="2">
              <param name="S" type="float"/>
              <param name="T" type="float"/>
            </accessor>
          </technique_common>
        </source>
        <vertices id="立方体_030-mesh-vertices">
          <input semantic="POSITION" source="#立方体_030-mesh-positions"/>
        </vertices>
        <triangles count="12">
          <input semantic="VERTEX" source="#立方体_030-mesh-vertices" offset="0"/>
          <input semantic="NORMAL" source="#立方体_030-mesh-normals" offset="1"/>
          <input semantic="TEXCOORD" source="#立方体_030-mesh-map-0" offset="2" set="0"/>
          <p>1 0 0 2 0 1 0 0 2 3 1 3 6 1 4 2 1 5 7 2 6 4 2 7 6 2 8 5 3 9 0 3 10 4 3 11 6 4 12 0 4 13 2 4 14 3 5 15 5 5 16 7 5 17 1 6 18 3 6 19 2 6 20 3 7 21 7 7 22 6 7 23 7 8 24 5 8 25 4 8 26 5 9 27 1 9 28 0 9 29 6 10 30 4 10 31 0 10 32 3 11 33 1 11 34 5 11 35</p>
        </triangles>
      </mesh>
    </geometry>
    <geometry id="立方体_029-mesh" name="立方体.029">
      <mesh>
        <source id="立方体_029-mesh-positions">
          <float_array id="立方体_029-mesh-positions-array" count="24">-1 -1 -1 -1 -1 1 -1 1 -1 -1 1 1 1 -1 -1 1 -1 1 1 1 -1 1 1 1</float_array>
          <technique_common>
            <accessor source="#立方体_029-mesh-positions-array" count="8" stride="3">
              <param name="X" type="float"/>
              <param name="Y" type="float"/>
              <param name="Z" type="float"/>
            </accessor>
          </technique_common>
        </source>
        <source id="立方体_029-mesh-normals">
          <float_array id="立方体_029-mesh-normals-array" count="36">-1 0 0 0 1 0 1 0 0 0 -1 0 0 0 -1 0 0 1 -1 0 0 0 1 0 1 0 0 0 -1 0 0 0 -1 0 0 1</float_array>
          <technique_common>
            <accessor source="#立方体_029-mesh-normals-array" count="12" stride="3">
              <param name="X" type="float"/>
              <param name="Y" type="float"/>
              <param name="Z" type="float"/>
            </accessor>
          </technique_common>
        </source>
        <source id="立方体_029-mesh-map-0">
          <float_array id="立方体_029-mesh-map-0-array" count="72">0.625 0 0.375 0.25 0.375 0 0.625 0.25 0.375 0.5 0.375 0.25 0.625 0.5 0.375 0.75 0.375 0.5 0.625 0.75 0.375 1 0.375 0.75 0.375 0.5 0.125 0.75 0.125 0.5 0.875 0.5 0.625 0.75 0.625 0.5 0.625 0 0.625 0.25 0.375 0.25 0.625 0.25 0.625 0.5 0.375 0.5 0.625 0.5 0.625 0.75 0.375 0.75 0.625 0.75 0.625 1 0.375 1 0.375 0.5 0.375 0.75 0.125 0.75 0.875 0.5 0.875 0.75 0.625 0.75</float_array>
          <technique_common>
            <accessor source="#立方体_029-mesh-map-0-array" count="36" stride="2">
              <param name="S" type="float"/>
              <param name="T" type="float"/>
            </accessor>
          </technique_common>
        </source>
        <vertices id="立方体_029-mesh-vertices">
          <input semantic="POSITION" source="#立方体_029-mesh-positions"/>
        </vertices>
        <triangles count="12">
          <input semantic="VERTEX" source="#立方体_029-mesh-vertices" offset="0"/>
          <input semantic="NORMAL" source="#立方体_029-mesh-normals" offset="1"/>
          <input semantic="TEXCOORD" source="#立方体_029-mesh-map-0" offset="2" set="0"/>
          <p>1 0 0 2 0 1 0 0 2 3 1 3 6 1 4 2 1 5 7 2 6 4 2 7 6 2 8 5 3 9 0 3 10 4 3 11 6 4 12 0 4 13 2 4 14 3 5 15 5 5 16 7 5 17 1 6 18 3 6 19 2 6 20 3 7 21 7 7 22 6 7 23 7 8 24 5 8 25 4 8 26 5 9 27 1 9 28 0 9 29 6 10 30 4 10 31 0 10 32 3 11 33 1 11 34 5 11 35</p>
        </triangles>
      </mesh>
    </geometry>
    <geometry id="立方体_028-mesh" name="立方体.028">
      <mesh>
        <source id="立方体_028-mesh-positions">
          <float_array id="立方体_028-mesh-positions-array" count="24">-1 -1 -1 -1 -1 1 -1 1 -1 -1 1 1 1 -1 -1 1 -1 1 1 1 -1 1 1 1</float_array>
          <technique_common>
            <accessor source="#立方体_028-mesh-positions-array" count="8" stride="3">
              <param name="X" type="float"/>
              <param name="Y" type="float"/>
              <param name="Z" type="float"/>
            </accessor>
          </technique_common>
        </source>
        <source id="立方体_028-mesh-normals">
          <float_array id="立方体_028-mesh-normals-array" count="36">-1 0 0 0 1 0 1 0 0 0 -1 0 0 0 -1 0 0 1 -1 0 0 0 1 0 1 0 0 0 -1 0 0 0 -1 0 0 1</float_array>
          <technique_common>
            <accessor source="#立方体_028-mesh-normals-array" count="12" stride="3">
              <param name="X" type="float"/>
              <param name="Y" type="float"/>
              <param name="Z" type="float"/>
            </accessor>
          </technique_common>
        </source>
        <source id="立方体_028-mesh-map-0">
          <float_array id="立方体_028-mesh-map-0-array" count="72">0.625 0 0.375 0.25 0.375 0 0.625 0.25 0.375 0.5 0.375 0.25 0.625 0.5 0.375 0.75 0.375 0.5 0.625 0.75 0.375 1 0.375 0.75 0.375 0.5 0.125 0.75 0.125 0.5 0.875 0.5 0.625 0.75 0.625 0.5 0.625 0 0.625 0.25 0.375 0.25 0.625 0.25 0.625 0.5 0.375 0.5 0.625 0.5 0.625 0.75 0.375 0.75 0.625 0.75 0.625 1 0.375 1 0.375 0.5 0.375 0.75 0.125 0.75 0.875 0.5 0.875 0.75 0.625 0.75</float_array>
          <technique_common>
            <accessor source="#立方体_028-mesh-map-0-array" count="36" stride="2">
              <param name="S" type="float"/>
              <param name="T" type="float"/>
            </accessor>
          </technique_common>
        </source>
        <vertices id="立方体_028-mesh-vertices">
          <input semantic="POSITION" source="#立方体_028-mesh-positions"/>
        </vertices>
        <triangles count="12">
          <input semantic="VERTEX" source="#立方体_028-mesh-vertices" offset="0"/>
          <input semantic="NORMAL" source="#立方体_028-mesh-normals" offset="1"/>
          <input semantic="TEXCOORD" source="#立方体_028-mesh-map-0" offset="2" set="0"/>
          <p>1 0 0 2 0 1 0 0 2 3 1 3 6 1 4 2 1 5 7 2 6 4 2 7 6 2 8 5 3 9 0 3 10 4 3 11 6 4 12 0 4 13 2 4 14 3 5 15 5 5 16 7 5 17 1 6 18 3 6 19 2 6 20 3 7 21 7 7 22 6 7 23 7 8 24 5 8 25 4 8 26 5 9 27 1 9 28 0 9 29 6 10 30 4 10 31 0 10 32 3 11 33 1 11 34 5 11 35</p>
        </triangles>
      </mesh>
    </geometry>
    <geometry id="立方体_027-mesh" name="立方体.027">
      <mesh>
        <source id="立方体_027-mesh-positions">
          <float_array id="立方体_027-mesh-positions-array" count="24">-1 -1 -1 -1 -1 1 -1 1 -1 -1 1 1 1 -1 -1 1 -1 1 1 1 -1 1 1 1</float_array>
          <technique_common>
            <accessor source="#立方体_027-mesh-positions-array" count="8" stride="3">
              <param name="X" type="float"/>
              <param name="Y" type="float"/>
              <param name="Z" type="float"/>
            </accessor>
          </technique_common>
        </source>
        <source id="立方体_027-mesh-normals">
          <float_array id="立方体_027-mesh-normals-array" count="36">-1 0 0 0 1 0 1 0 0 0 -1 0 0 0 -1 0 0 1 -1 0 0 0 1 0 1 0 0 0 -1 0 0 0 -1 0 0 1</float_array>
          <technique_common>
            <accessor source="#立方体_027-mesh-normals-array" count="12" stride="3">
              <param name="X" type="float"/>
              <param name="Y" type="float"/>
              <param name="Z" type="float"/>
            </accessor>
          </technique_common>
        </source>
        <source id="立方体_027-mesh-map-0">
          <float_array id="立方体_027-mesh-map-0-array" count="72">0.625 0 0.375 0.25 0.375 0 0.625 0.25 0.375 0.5 0.375 0.25 0.625 0.5 0.375 0.75 0.375 0.5 0.625 0.75 0.375 1 0.375 0.75 0.375 0.5 0.125 0.75 0.125 0.5 0.875 0.5 0.625 0.75 0.625 0.5 0.625 0 0.625 0.25 0.375 0.25 0.625 0.25 0.625 0.5 0.375 0.5 0.625 0.5 0.625 0.75 0.375 0.75 0.625 0.75 0.625 1 0.375 1 0.375 0.5 0.375 0.75 0.125 0.75 0.875 0.5 0.875 0.75 0.625 0.75</float_array>
          <technique_common>
            <accessor source="#立方体_027-mesh-map-0-array" count="36" stride="2">
              <param name="S" type="float"/>
              <param name="T" type="float"/>
            </accessor>
          </technique_common>
        </source>
        <vertices id="立方体_027-mesh-vertices">
          <input semantic="POSITION" source="#立方体_027-mesh-positions"/>
        </vertices>
        <triangles count="12">
          <input semantic="VERTEX" source="#立方体_027-mesh-vertices" offset="0"/>
          <input semantic="NORMAL" source="#立方体_027-mesh-normals" offset="1"/>
          <input semantic="TEXCOORD" source="#立方体_027-mesh-map-0" offset="2" set="0"/>
          <p>1 0 0 2 0 1 0 0 2 3 1 3 6 1 4 2 1 5 7 2 6 4 2 7 6 2 8 5 3 9 0 3 10 4 3 11 6 4 12 0 4 13 2 4 14 3 5 15 5 5 16 7 5 17 1 6 18 3 6 19 2 6 20 3 7 21 7 7 22 6 7 23 7 8 24 5 8 25 4 8 26 5 9 27 1 9 28 0 9 29 6 10 30 4 10 31 0 10 32 3 11 33 1 11 34 5 11 35</p>
        </triangles>
      </mesh>
    </geometry>
    <geometry id="立方体_026-mesh" name="立方体.026">
      <mesh>
        <source id="立方体_026-mesh-positions">
          <float_array id="立方体_026-mesh-positions-array" count="24">-1 -1 -1 -1 -1 1 -1 1 -1 -1 1 1 1 -1 -1 1 -1 1 1 1 -1 1 1 1</float_array>
          <technique_common>
            <accessor source="#立方体_026-mesh-positions-array" count="8" stride="3">
              <param name="X" type="float"/>
              <param name="Y" type="float"/>
              <param name="Z" type="float"/>
            </accessor>
          </technique_common>
        </source>
        <source id="立方体_026-mesh-normals">
          <float_array id="立方体_026-mesh-normals-array" count="36">-1 0 0 0 1 0 1 0 0 0 -1 0 0 0 -1 0 0 1 -1 0 0 0 1 0 1 0 0 0 -1 0 0 0 -1 0 0 1</float_array>
          <technique_common>
            <accessor source="#立方体_026-mesh-normals-array" count="12" stride="3">
              <param name="X" type="float"/>
              <param name="Y" type="float"/>
              <param name="Z" type="float"/>
            </accessor>
          </technique_common>
        </source>
        <source id="立方体_026-mesh-map-0">
          <float_array id="立方体_026-mesh-map-0-array" count="72">0.625 0 0.375 0.25 0.375 0 0.625 0.25 0.375 0.5 0.375 0.25 0.625 0.5 0.375 0.75 0.375 0.5 0.625 0.75 0.375 1 0.375 0.75 0.375 0.5 0.125 0.75 0.125 0.5 0.875 0.5 0.625 0.75 0.625 0.5 0.625 0 0.625 0.25 0.375 0.25 0.625 0.25 0.625 0.5 0.375 0.5 0.625 0.5 0.625 0.75 0.375 0.75 0.625 0.75 0.625 1 0.375 1 0.375 0.5 0.375 0.75 0.125 0.75 0.875 0.5 0.875 0.75 0.625 0.75</float_array>
          <technique_common>
            <accessor source="#立方体_026-mesh-map-0-array" count="36" stride="2">
              <param name="S" type="float"/>
              <param name="T" type="float"/>
            </accessor>
          </technique_common>
        </source>
        <vertices id="立方体_026-mesh-vertices">
          <input semantic="POSITION" source="#立方体_026-mesh-positions"/>
        </vertices>
        <triangles count="12">
          <input semantic="VERTEX" source="#立方体_026-mesh-vertices" offset="0"/>
          <input semantic="NORMAL" source="#立方体_026-mesh-normals" offset="1"/>
          <input semantic="TEXCOORD" source="#立方体_026-mesh-map-0" offset="2" set="0"/>
          <p>1 0 0 2 0 1 0 0 2 3 1 3 6 1 4 2 1 5 7 2 6 4 2 7 6 2 8 5 3 9 0 3 10 4 3 11 6 4 12 0 4 13 2 4 14 3 5 15 5 5 16 7 5 17 1 6 18 3 6 19 2 6 20 3 7 21 7 7 22 6 7 23 7 8 24 5 8 25 4 8 26 5 9 27 1 9 28 0 9 29 6 10 30 4 10 31 0 10 32 3 11 33 1 11 34 5 11 35</p>
        </triangles>
      </mesh>
    </geometry>
    <geometry id="立方体_025-mesh" name="立方体.025">
      <mesh>
        <source id="立方体_025-mesh-positions">
          <float_array id="立方体_025-mesh-positions-array" count="24">-1 -1 -1 -1 -1 1 -1 1 -1 -1 1 1 1 -1 -1 1 -1 1 1 1 -1 1 1 1</float_array>
          <technique_common>
            <accessor source="#立方体_025-mesh-positions-array" count="8" stride="3">
              <param name="X" type="float"/>
              <param name="Y" type="float"/>
              <param name="Z" type="float"/>
            </accessor>
          </technique_common>
        </source>
        <source id="立方体_025-mesh-normals">
          <float_array id="立方体_025-mesh-normals-array" count="36">-1 0 0 0 1 0 1 0 0 0 -1 0 0 0 -1 0 0 1 -1 0 0 0 1 0 1 0 0 0 -1 0 0 0 -1 0 0 1</float_array>
          <technique_common>
            <accessor source="#立方体_025-mesh-normals-array" count="12" stride="3">
              <param name="X" type="float"/>
              <param name="Y" type="float"/>
              <param name="Z" type="float"/>
            </accessor>
          </technique_common>
        </source>
        <source id="立方体_025-mesh-map-0">
          <float_array id="立方体_025-mesh-map-0-array" count="72">0.625 0 0.375 0.25 0.375 0 0.625 0.25 0.375 0.5 0.375 0.25 0.625 0.5 0.375 0.75 0.375 0.5 0.625 0.75 0.375 1 0.375 0.75 0.375 0.5 0.125 0.75 0.125 0.5 0.875 0.5 0.625 0.75 0.625 0.5 0.625 0 0.625 0.25 0.375 0.25 0.625 0.25 0.625 0.5 0.375 0.5 0.625 0.5 0.625 0.75 0.375 0.75 0.625 0.75 0.625 1 0.375 1 0.375 0.5 0.375 0.75 0.125 0.75 0.875 0.5 0.875 0.75 0.625 0.75</float_array>
          <technique_common>
            <accessor source="#立方体_025-mesh-map-0-array" count="36" stride="2">
              <param name="S" type="float"/>
              <param name="T" type="float"/>
            </accessor>
          </technique_common>
        </source>
        <vertices id="立方体_025-mesh-vertices">
          <input semantic="POSITION" source="#立方体_025-mesh-positions"/>
        </vertices>
        <triangles count="12">
          <input semantic="VERTEX" source="#立方体_025-mesh-vertices" offset="0"/>
          <input semantic="NORMAL" source="#立方体_025-mesh-normals" offset="1"/>
          <input semantic="TEXCOORD" source="#立方体_025-mesh-map-0" offset="2" set="0"/>
          <p>1 0 0 2 0 1 0 0 2 3 1 3 6 1 4 2 1 5 7 2 6 4 2 7 6 2 8 5 3 9 0 3 10 4 3 11 6 4 12 0 4 13 2 4 14 3 5 15 5 5 16 7 5 17 1 6 18 3 6 19 2 6 20 3 7 21 7 7 22 6 7 23 7 8 24 5 8 25 4 8 26 5 9 27 1 9 28 0 9 29 6 10 30 4 10 31 0 10 32 3 11 33 1 11 34 5 11 35</p>
        </triangles>
      </mesh>
    </geometry>
    <geometry id="立方体_024-mesh" name="立方体.024">
      <mesh>
        <source id="立方体_024-mesh-positions">
          <float_array id="立方体_024-mesh-positions-array" count="24">-1 -1 -1 -1 -1 1 -1 1 -1 -1 1 1 1 -1 -1 1 -1 1 1 1 -1 1 1 1</float_array>
          <technique_common>
            <accessor source="#立方体_024-mesh-positions-array" count="8" stride="3">
              <param name="X" type="float"/>
              <param name="Y" type="float"/>
              <param name="Z" type="float"/>
            </accessor>
          </technique_common>
        </source>
        <source id="立方体_024-mesh-normals">
          <float_array id="立方体_024-mesh-normals-array" count="36">-1 0 0 0 1 0 1 0 0 0 -1 0 0 0 -1 0 0 1 -1 0 0 0 1 0 1 0 0 0 -1 0 0 0 -1 0 0 1</float_array>
          <technique_common>
            <accessor source="#立方体_024-mesh-normals-array" count="12" stride="3">
              <param name="X" type="float"/>
              <param name="Y" type="float"/>
              <param name="Z" type="float"/>
            </accessor>
          </technique_common>
        </source>
        <source id="立方体_024-mesh-map-0">
          <float_array id="立方体_024-mesh-map-0-array" count="72">0.625 0 0.375 0.25 0.375 0 0.625 0.25 0.375 0.5 0.375 0.25 0.625 0.5 0.375 0.75 0.375 0.5 0.625 0.75 0.375 1 0.375 0.75 0.375 0.5 0.125 0.75 0.125 0.5 0.875 0.5 0.625 0.75 0.625 0.5 0.625 0 0.625 0.25 0.375 0.25 0.625 0.25 0.625 0.5 0.375 0.5 0.625 0.5 0.625 0.75 0.375 0.75 0.625 0.75 0.625 1 0.375 1 0.375 0.5 0.375 0.75 0.125 0.75 0.875 0.5 0.875 0.75 0.625 0.75</float_array>
          <technique_common>
            <accessor source="#立方体_024-mesh-map-0-array" count="36" stride="2">
              <param name="S" type="float"/>
              <param name="T" type="float"/>
            </accessor>
          </technique_common>
        </source>
        <vertices id="立方体_024-mesh-vertices">
          <input semantic="POSITION" source="#立方体_024-mesh-positions"/>
        </vertices>
        <triangles count="12">
          <input semantic="VERTEX" source="#立方体_024-mesh-vertices" offset="0"/>
          <input semantic="NORMAL" source="#立方体_024-mesh-normals" offset="1"/>
          <input semantic="TEXCOORD" source="#立方体_024-mesh-map-0" offset="2" set="0"/>
          <p>1 0 0 2 0 1 0 0 2 3 1 3 6 1 4 2 1 5 7 2 6 4 2 7 6 2 8 5 3 9 0 3 10 4 3 11 6 4 12 0 4 13 2 4 14 3 5 15 5 5 16 7 5 17 1 6 18 3 6 19 2 6 20 3 7 21 7 7 22 6 7 23 7 8 24 5 8 25 4 8 26 5 9 27 1 9 28 0 9 29 6 10 30 4 10 31 0 10 32 3 11 33 1 11 34 5 11 35</p>
        </triangles>
      </mesh>
    </geometry>
    <geometry id="立方体_023-mesh" name="立方体.023">
      <mesh>
        <source id="立方体_023-mesh-positions">
          <float_array id="立方体_023-mesh-positions-array" count="24">-1 -1 -1 -1 -1 1 -1 1 -1 -1 1 1 1 -1 -1 1 -1 1 1 1 -1 1 1 1</float_array>
          <technique_common>
            <accessor source="#立方体_023-mesh-positions-array" count="8" stride="3">
              <param name="X" type="float"/>
              <param name="Y" type="float"/>
              <param name="Z" type="float"/>
            </accessor>
          </technique_common>
        </source>
        <source id="立方体_023-mesh-normals">
          <float_array id="立方体_023-mesh-normals-array" count="36">-1 0 0 0 1 0 1 0 0 0 -1 0 0 0 -1 0 0 1 -1 0 0 0 1 0 1 0 0 0 -1 0 0 0 -1 0 0 1</float_array>
          <technique_common>
            <accessor source="#立方体_023-mesh-normals-array" count="12" stride="3">
              <param name="X" type="float"/>
              <param name="Y" type="float"/>
              <param name="Z" type="float"/>
            </accessor>
          </technique_common>
        </source>
        <source id="立方体_023-mesh-map-0">
          <float_array id="立方体_023-mesh-map-0-array" count="72">0.625 0 0.375 0.25 0.375 0 0.625 0.25 0.375 0.5 0.375 0.25 0.625 0.5 0.375 0.75 0.375 0.5 0.625 0.75 0.375 1 0.375 0.75 0.375 0.5 0.125 0.75 0.125 0.5 0.875 0.5 0.625 0.75 0.625 0.5 0.625 0 0.625 0.25 0.375 0.25 0.625 0.25 0.625 0.5 0.375 0.5 0.625 0.5 0.625 0.75 0.375 0.75 0.625 0.75 0.625 1 0.375 1 0.375 0.5 0.375 0.75 0.125 0.75 0.875 0.5 0.875 0.75 0.625 0.75</float_array>
          <technique_common>
            <accessor source="#立方体_023-mesh-map-0-array" count="36" stride="2">
              <param name="S" type="float"/>
              <param name="T" type="float"/>
            </accessor>
          </technique_common>
        </source>
        <vertices id="立方体_023-mesh-vertices">
          <input semantic="POSITION" source="#立方体_023-mesh-positions"/>
        </vertices>
        <triangles count="12">
          <input semantic="VERTEX" source="#立方体_023-mesh-vertices" offset="0"/>
          <input semantic="NORMAL" source="#立方体_023-mesh-normals" offset="1"/>
          <input semantic="TEXCOORD" source="#立方体_023-mesh-map-0" offset="2" set="0"/>
          <p>1 0 0 2 0 1 0 0 2 3 1 3 6 1 4 2 1 5 7 2 6 4 2 7 6 2 8 5 3 9 0 3 10 4 3 11 6 4 12 0 4 13 2 4 14 3 5 15 5 5 16 7 5 17 1 6 18 3 6 19 2 6 20 3 7 21 7 7 22 6 7 23 7 8 24 5 8 25 4 8 26 5 9 27 1 9 28 0 9 29 6 10 30 4 10 31 0 10 32 3 11 33 1 11 34 5 11 35</p>
        </triangles>
      </mesh>
    </geometry>
    <geometry id="立方体_022-mesh" name="立方体.022">
      <mesh>
        <source id="立方体_022-mesh-positions">
          <float_array id="立方体_022-mesh-positions-array" count="24">-1 -1 -1 -1 -1 1 -1 1 -1 -1 1 1 1 -1 -1 1 -1 1 1 1 -1 1 1 1</float_array>
          <technique_common>
            <accessor source="#立方体_022-mesh-positions-array" count="8" stride="3">
              <param name="X" type="float"/>
              <param name="Y" type="float"/>
              <param name="Z" type="float"/>
            </accessor>
          </technique_common>
        </source>
        <source id="立方体_022-mesh-normals">
          <float_array id="立方体_022-mesh-normals-array" count="36">-1 0 0 0 1 0 1 0 0 0 -1 0 0 0 -1 0 0 1 -1 0 0 0 1 0 1 0 0 0 -1 0 0 0 -1 0 0 1</float_array>
          <technique_common>
            <accessor source="#立方体_022-mesh-normals-array" count="12" stride="3">
              <param name="X" type="float"/>
              <param name="Y" type="float"/>
              <param name="Z" type="float"/>
            </accessor>
          </technique_common>
        </source>
        <source id="立方体_022-mesh-map-0">
          <float_array id="立方体_022-mesh-map-0-array" count="72">0.625 0 0.375 0.25 0.375 0 0.625 0.25 0.375 0.5 0.375 0.25 0.625 0.5 0.375 0.75 0.375 0.5 0.625 0.75 0.375 1 0.375 0.75 0.375 0.5 0.125 0.75 0.125 0.5 0.875 0.5 0.625 0.75 0.625 0.5 0.625 0 0.625 0.25 0.375 0.25 0.625 0.25 0.625 0.5 0.375 0.5 0.625 0.5 0.625 0.75 0.375 0.75 0.625 0.75 0.625 1 0.375 1 0.375 0.5 0.375 0.75 0.125 0.75 0.875 0.5 0.875 0.75 0.625 0.75</float_array>
          <technique_common>
            <accessor source="#立方体_022-mesh-map-0-array" count="36" stride="2">
              <param name="S" type="float"/>
              <param name="T" type="float"/>
            </accessor>
          </technique_common>
        </source>
        <vertices id="立方体_022-mesh-vertices">
          <input semantic="POSITION" source="#立方体_022-mesh-positions"/>
        </vertices>
        <triangles count="12">
          <input semantic="VERTEX" source="#立方体_022-mesh-vertices" offset="0"/>
          <input semantic="NORMAL" source="#立方体_022-mesh-normals" offset="1"/>
          <input semantic="TEXCOORD" source="#立方体_022-mesh-map-0" offset="2" set="0"/>
          <p>1 0 0 2 0 1 0 0 2 3 1 3 6 1 4 2 1 5 7 2 6 4 2 7 6 2 8 5 3 9 0 3 10 4 3 11 6 4 12 0 4 13 2 4 14 3 5 15 5 5 16 7 5 17 1 6 18 3 6 19 2 6 20 3 7 21 7 7 22 6 7 23 7 8 24 5 8 25 4 8 26 5 9 27 1 9 28 0 9 29 6 10 30 4 10 31 0 10 32 3 11 33 1 11 34 5 11 35</p>
        </triangles>
      </mesh>
    </geometry>
    <geometry id="立方体_021-mesh" name="立方体.021">
      <mesh>
        <source id="立方体_021-mesh-positions">
          <float_array id="立方体_021-mesh-positions-array" count="24">-1 -1 -1 -1 -1 1 -1 1 -1 -1 1 1 1 -1 -1 1 -1 1 1 1 -1 1 1 1</float_array>
          <technique_common>
            <accessor source="#立方体_021-mesh-positions-array" count="8" stride="3">
              <param name="X" type="float"/>
              <param name="Y" type="float"/>
              <param name="Z" type="float"/>
            </accessor>
          </technique_common>
        </source>
        <source id="立方体_021-mesh-normals">
          <float_array id="立方体_021-mesh-normals-array" count="36">-1 0 0 0 1 0 1 0 0 0 -1 0 0 0 -1 0 0 1 -1 0 0 0 1 0 1 0 0 0 -1 0 0 0 -1 0 0 1</float_array>
          <technique_common>
            <accessor source="#立方体_021-mesh-normals-array" count="12" stride="3">
              <param name="X" type="float"/>
              <param name="Y" type="float"/>
              <param name="Z" type="float"/>
            </accessor>
          </technique_common>
        </source>
        <source id="立方体_021-mesh-map-0">
          <float_array id="立方体_021-mesh-map-0-array" count="72">0.625 0 0.375 0.25 0.375 0 0.625 0.25 0.375 0.5 0.375 0.25 0.625 0.5 0.375 0.75 0.375 0.5 0.625 0.75 0.375 1 0.375 0.75 0.375 0.5 0.125 0.75 0.125 0.5 0.875 0.5 0.625 0.75 0.625 0.5 0.625 0 0.625 0.25 0.375 0.25 0.625 0.25 0.625 0.5 0.375 0.5 0.625 0.5 0.625 0.75 0.375 0.75 0.625 0.75 0.625 1 0.375 1 0.375 0.5 0.375 0.75 0.125 0.75 0.875 0.5 0.875 0.75 0.625 0.75</float_array>
          <technique_common>
            <accessor source="#立方体_021-mesh-map-0-array" count="36" stride="2">
              <param name="S" type="float"/>
              <param name="T" type="float"/>
            </accessor>
          </technique_common>
        </source>
        <vertices id="立方体_021-mesh-vertices">
          <input semantic="POSITION" source="#立方体_021-mesh-positions"/>
        </vertices>
        <triangles count="12">
          <input semantic="VERTEX" source="#立方体_021-mesh-vertices" offset="0"/>
          <input semantic="NORMAL" source="#立方体_021-mesh-normals" offset="1"/>
          <input semantic="TEXCOORD" source="#立方体_021-mesh-map-0" offset="2" set="0"/>
          <p>1 0 0 2 0 1 0 0 2 3 1 3 6 1 4 2 1 5 7 2 6 4 2 7 6 2 8 5 3 9 0 3 10 4 3 11 6 4 12 0 4 13 2 4 14 3 5 15 5 5 16 7 5 17 1 6 18 3 6 19 2 6 20 3 7 21 7 7 22 6 7 23 7 8 24 5 8 25 4 8 26 5 9 27 1 9 28 0 9 29 6 10 30 4 10 31 0 10 32 3 11 33 1 11 34 5 11 35</p>
        </triangles>
      </mesh>
    </geometry>
    <geometry id="立方体_020-mesh" name="立方体.020">
      <mesh>
        <source id="立方体_020-mesh-positions">
          <float_array id="立方体_020-mesh-positions-array" count="24">-1 -1 -1 -1 -1 1 -1 1 -1 -1 1 1 1 -1 -1 1 -1 1 1 1 -1 1 1 1</float_array>
          <technique_common>
            <accessor source="#立方体_020-mesh-positions-array" count="8" stride="3">
              <param name="X" type="float"/>
              <param name="Y" type="float"/>
              <param name="Z" type="float"/>
            </accessor>
          </technique_common>
        </source>
        <source id="立方体_020-mesh-normals">
          <float_array id="立方体_020-mesh-normals-array" count="36">-1 0 0 0 1 0 1 0 0 0 -1 0 0 0 -1 0 0 1 -1 0 0 0 1 0 1 0 0 0 -1 0 0 0 -1 0 0 1</float_array>
          <technique_common>
            <accessor source="#立方体_020-mesh-normals-array" count="12" stride="3">
              <param name="X" type="float"/>
              <param name="Y" type="float"/>
              <param name="Z" type="float"/>
            </accessor>
          </technique_common>
        </source>
        <source id="立方体_020-mesh-map-0">
          <float_array id="立方体_020-mesh-map-0-array" count="72">0.625 0 0.375 0.25 0.375 0 0.625 0.25 0.375 0.5 0.375 0.25 0.625 0.5 0.375 0.75 0.375 0.5 0.625 0.75 0.375 1 0.375 0.75 0.375 0.5 0.125 0.75 0.125 0.5 0.875 0.5 0.625 0.75 0.625 0.5 0.625 0 0.625 0.25 0.375 0.25 0.625 0.25 0.625 0.5 0.375 0.5 0.625 0.5 0.625 0.75 0.375 0.75 0.625 0.75 0.625 1 0.375 1 0.375 0.5 0.375 0.75 0.125 0.75 0.875 0.5 0.875 0.75 0.625 0.75</float_array>
          <technique_common>
            <accessor source="#立方体_020-mesh-map-0-array" count="36" stride="2">
              <param name="S" type="float"/>
              <param name="T" type="float"/>
            </accessor>
          </technique_common>
        </source>
        <vertices id="立方体_020-mesh-vertices">
          <input semantic="POSITION" source="#立方体_020-mesh-positions"/>
        </vertices>
        <triangles count="12">
          <input semantic="VERTEX" source="#立方体_020-mesh-vertices" offset="0"/>
          <input semantic="NORMAL" source="#立方体_020-mesh-normals" offset="1"/>
          <input semantic="TEXCOORD" source="#立方体_020-mesh-map-0" offset="2" set="0"/>
          <p>1 0 0 2 0 1 0 0 2 3 1 3 6 1 4 2 1 5 7 2 6 4 2 7 6 2 8 5 3 9 0 3 10 4 3 11 6 4 12 0 4 13 2 4 14 3 5 15 5 5 16 7 5 17 1 6 18 3 6 19 2 6 20 3 7 21 7 7 22 6 7 23 7 8 24 5 8 25 4 8 26 5 9 27 1 9 28 0 9 29 6 10 30 4 10 31 0 10 32 3 11 33 1 11 34 5 11 35</p>
        </triangles>
      </mesh>
    </geometry>
    <geometry id="立方体_019-mesh" name="立方体.019">
      <mesh>
        <source id="立方体_019-mesh-positions">
          <float_array id="立方体_019-mesh-positions-array" count="24">-1 -1 -1 -1 -1 1 -1 1 -1 -1 1 1 1 -1 -1 1 -1 1 1 1 -1 1 1 1</float_array>
          <technique_common>
            <accessor source="#立方体_019-mesh-positions-array" count="8" stride="3">
              <param name="X" type="float"/>
              <param name="Y" type="float"/>
              <param name="Z" type="float"/>
            </accessor>
          </technique_common>
        </source>
        <source id="立方体_019-mesh-normals">
          <float_array id="立方体_019-mesh-normals-array" count="36">-1 0 0 0 1 0 1 0 0 0 -1 0 0 0 -1 0 0 1 -1 0 0 0 1 0 1 0 0 0 -1 0 0 0 -1 0 0 1</float_array>
          <technique_common>
            <accessor source="#立方体_019-mesh-normals-array" count="12" stride="3">
              <param name="X" type="float"/>
              <param name="Y" type="float"/>
              <param name="Z" type="float"/>
            </accessor>
          </technique_common>
        </source>
        <source id="立方体_019-mesh-map-0">
          <float_array id="立方体_019-mesh-map-0-array" count="72">0.625 0 0.375 0.25 0.375 0 0.625 0.25 0.375 0.5 0.375 0.25 0.625 0.5 0.375 0.75 0.375 0.5 0.625 0.75 0.375 1 0.375 0.75 0.375 0.5 0.125 0.75 0.125 0.5 0.875 0.5 0.625 0.75 0.625 0.5 0.625 0 0.625 0.25 0.375 0.25 0.625 0.25 0.625 0.5 0.375 0.5 0.625 0.5 0.625 0.75 0.375 0.75 0.625 0.75 0.625 1 0.375 1 0.375 0.5 0.375 0.75 0.125 0.75 0.875 0.5 0.875 0.75 0.625 0.75</float_array>
          <technique_common>
            <accessor source="#立方体_019-mesh-map-0-array" count="36" stride="2">
              <param name="S" type="float"/>
              <param name="T" type="float"/>
            </accessor>
          </technique_common>
        </source>
        <vertices id="立方体_019-mesh-vertices">
          <input semantic="POSITION" source="#立方体_019-mesh-positions"/>
        </vertices>
        <triangles count="12">
          <input semantic="VERTEX" source="#立方体_019-mesh-vertices" offset="0"/>
          <input semantic="NORMAL" source="#立方体_019-mesh-normals" offset="1"/>
          <input semantic="TEXCOORD" source="#立方体_019-mesh-map-0" offset="2" set="0"/>
          <p>1 0 0 2 0 1 0 0 2 3 1 3 6 1 4 2 1 5 7 2 6 4 2 7 6 2 8 5 3 9 0 3 10 4 3 11 6 4 12 0 4 13 2 4 14 3 5 15 5 5 16 7 5 17 1 6 18 3 6 19 2 6 20 3 7 21 7 7 22 6 7 23 7 8 24 5 8 25 4 8 26 5 9 27 1 9 28 0 9 29 6 10 30 4 10 31 0 10 32 3 11 33 1 11 34 5 11 35</p>
        </triangles>
      </mesh>
    </geometry>
    <geometry id="立方体_018-mesh" name="立方体.018">
      <mesh>
        <source id="立方体_018-mesh-positions">
          <float_array id="立方体_018-mesh-positions-array" count="24">-1 -1 -1 -1 -1 1 -1 1 -1 -1 1 1 1 -1 -1 1 -1 1 1 1 -1 1 1 1</float_array>
          <technique_common>
            <accessor source="#立方体_018-mesh-positions-array" count="8" stride="3">
              <param name="X" type="float"/>
              <param name="Y" type="float"/>
              <param name="Z" type="float"/>
            </accessor>
          </technique_common>
        </source>
        <source id="立方体_018-mesh-normals">
          <float_array id="立方体_018-mesh-normals-array" count="36">-1 0 0 0 1 0 1 0 0 0 -1 0 0 0 -1 0 0 1 -1 0 0 0 1 0 1 0 0 0 -1 0 0 0 -1 0 0 1</float_array>
          <technique_common>
            <accessor source="#立方体_018-mesh-normals-array" count="12" stride="3">
              <param name="X" type="float"/>
              <param name="Y" type="float"/>
              <param name="Z" type="float"/>
            </accessor>
          </technique_common>
        </source>
        <source id="立方体_018-mesh-map-0">
          <float_array id="立方体_018-mesh-map-0-array" count="72">0.625 0 0.375 0.25 0.375 0 0.625 0.25 0.375 0.5 0.375 0.25 0.625 0.5 0.375 0.75 0.375 0.5 0.625 0.75 0.375 1 0.375 0.75 0.375 0.5 0.125 0.75 0.125 0.5 0.875 0.5 0.625 0.75 0.625 0.5 0.625 0 0.625 0.25 0.375 0.25 0.625 0.25 0.625 0.5 0.375 0.5 0.625 0.5 0.625 0.75 0.375 0.75 0.625 0.75 0.625 1 0.375 1 0.375 0.5 0.375 0.75 0.125 0.75 0.875 0.5 0.875 0.75 0.625 0.75</float_array>
          <technique_common>
            <accessor source="#立方体_018-mesh-map-0-array" count="36" stride="2">
              <param name="S" type="float"/>
              <param name="T" type="float"/>
            </accessor>
          </technique_common>
        </source>
        <vertices id="立方体_018-mesh-vertices">
          <input semantic="POSITION" source="#立方体_018-mesh-positions"/>
        </vertices>
        <triangles count="12">
          <input semantic="VERTEX" source="#立方体_018-mesh-vertices" offset="0"/>
          <input semantic="NORMAL" source="#立方体_018-mesh-normals" offset="1"/>
          <input semantic="TEXCOORD" source="#立方体_018-mesh-map-0" offset="2" set="0"/>
          <p>1 0 0 2 0 1 0 0 2 3 1 3 6 1 4 2 1 5 7 2 6 4 2 7 6 2 8 5 3 9 0 3 10 4 3 11 6 4 12 0 4 13 2 4 14 3 5 15 5 5 16 7 5 17 1 6 18 3 6 19 2 6 20 3 7 21 7 7 22 6 7 23 7 8 24 5 8 25 4 8 26 5 9 27 1 9 28 0 9 29 6 10 30 4 10 31 0 10 32 3 11 33 1 11 34 5 11 35</p>
        </triangles>
      </mesh>
    </geometry>
    <geometry id="平面_006-mesh" name="平面.006">
      <mesh>
        <source id="平面_006-mesh-positions">
          <float_array id="平面_006-mesh-positions-array" count="18">-1 -1 0 1 -1 0 -1 1 0 1 1 0 -1 -1 0 -1 1 0</float_array>
          <technique_common>
            <accessor source="#平面_006-mesh-positions-array" count="6" stride="3">
              <param name="X" type="float"/>
              <param name="Y" type="float"/>
              <param name="Z" type="float"/>
            </accessor>
          </technique_common>
        </source>
        <source id="平面_006-mesh-normals">
          <float_array id="平面_006-mesh-normals-array" count="12">0 0 1 0 0 1 0 0 1 0 0 1</float_array>
          <technique_common>
            <accessor source="#平面_006-mesh-normals-array" count="4" stride="3">
              <param name="X" type="float"/>
              <param name="Y" type="float"/>
              <param name="Z" type="float"/>
            </accessor>
          </technique_common>
        </source>
        <source id="平面_006-mesh-map-0">
          <float_array id="平面_006-mesh-map-0-array" count="24">1 0 0 1 0 0 0 1 0 0 0 0 1 0 1 1 0 1 0 1 0 1 0 0</float_array>
          <technique_common>
            <accessor source="#平面_006-mesh-map-0-array" count="12" stride="2">
              <param name="S" type="float"/>
              <param name="T" type="float"/>
            </accessor>
          </technique_common>
        </source>
        <vertices id="平面_006-mesh-vertices">
          <input semantic="POSITION" source="#平面_006-mesh-positions"/>
        </vertices>
        <triangles count="4">
          <input semantic="VERTEX" source="#平面_006-mesh-vertices" offset="0"/>
          <input semantic="NORMAL" source="#平面_006-mesh-normals" offset="1"/>
          <input semantic="TEXCOORD" source="#平面_006-mesh-map-0" offset="2" set="0"/>
          <p>1 0 0 2 0 1 0 0 2 2 1 3 4 1 4 0 1 5 1 2 6 3 2 7 2 2 8 2 3 9 5 3 10 4 3 11</p>
        </triangles>
      </mesh>
    </geometry>
    <geometry id="平面_005-mesh" name="平面.005">
      <mesh>
        <source id="平面_005-mesh-positions">
          <float_array id="平面_005-mesh-positions-array" count="75">-1 -1 0 1 -1 0 1 1 0 -1 -1 0 1 1 0 -1 1 0 1 1 0 -1 -1 0 1 -1 0 1 1 0 -1 1 0 1 1 0 -1 -1 0 1 -1 0 1 -1 0 -1 -1 0 -1 -1 0 1 1 0 1.000122 0.9965649 0.011608 -0.9984287 -1.007386 0.01935529 -0.9984287 -1.007386 0.01935529 1 -1 0 -0.9998776 0.9965649 0.011608 1 -1 0 1 -1 0</float_array>
          <technique_common>
            <accessor source="#平面_005-mesh-positions-array" count="25" stride="3">
              <param name="X" type="float"/>
              <param name="Y" type="float"/>
              <param name="Z" type="float"/>
            </accessor>
          </technique_common>
        </source>
        <source id="平面_005-mesh-normals">
          <float_array id="平面_005-mesh-normals-array" count="63">0 0 1 0 0 1 0 0 1 0 0 1 0 0 1 0 0 1 0 0 1 0 -0.9588959 -0.2837583 0 0 1 0 0 1 0 0 1 0 0 1 0 0 1 0 0 1 0 0 1 0 0 1 0 0 1 0 0 1 0 0 1 0 0 1 0 -0.9588959 -0.2837583</float_array>
          <technique_common>
            <accessor source="#平面_005-mesh-normals-array" count="21" stride="3">
              <param name="X" type="float"/>
              <param name="Y" type="float"/>
              <param name="Z" type="float"/>
            </accessor>
          </technique_common>
        </source>
        <source id="平面_005-mesh-map-0">
          <float_array id="平面_005-mesh-map-0-array" count="126">0 1 1 0 1 1 0 0 0 0 1 0 1 0 1 1 1 1 1 1 0 1 0 1 1 1 1 1 1 1 1 0 1 0 1 0 0 0 0 0 0 0 1 1 0 1 0 1 0 1 0 0 0 0 0 1 0 0 1 0 1 1 1 1 0 1 1 0 1 0 1 0 0 0 0 0 0 0 0 0 0 0 0 0 1 0 1 0 0 0 1 0 1 0 1 1 1 1 1 1 0 1 1 1 1 1 1 1 1 0 1 0 1 0 0 0 0 0 0 0 1 1 1 1 0 1</float_array>
          <technique_common>
            <accessor source="#平面_005-mesh-map-0-array" count="63" stride="2">
              <param name="S" type="float"/>
              <param name="T" type="float"/>
            </accessor>
          </technique_common>
        </source>
        <vertices id="平面_005-mesh-vertices">
          <input semantic="POSITION" source="#平面_005-mesh-positions"/>
        </vertices>
        <triangles count="21">
          <input semantic="VERTEX" source="#平面_005-mesh-vertices" offset="0"/>
          <input semantic="NORMAL" source="#平面_005-mesh-normals" offset="1"/>
          <input semantic="TEXCOORD" source="#平面_005-mesh-map-0" offset="2" set="0"/>
          <p>5 0 0 1 0 1 2 0 2 0 1 3 3 1 4 14 1 5 1 2 6 9 2 7 2 2 8 6 3 9 10 3 10 5 3 11 2 4 12 4 4 13 6 4 14 1 5 15 24 5 16 8 5 17 3 6 18 20 6 19 7 6 20 11 7 21 22 7 22 10 7 23 5 8 24 12 8 25 0 8 26 5 9 27 0 9 28 1 9 29 2 10 30 6 10 31 5 10 32 14 11 33 13 11 34 1 11 35 0 12 36 15 12 37 16 12 38 0 13 39 16 13 40 3 13 41 14 14 42 1 14 43 0 14 44 1 15 45 8 15 46 9 15 47 6 16 48 11 16 49 10 16 50 2 17 51 17 17 52 4 17 53 1 18 54 23 18 55 24 18 56 3 19 57 19 19 58 20 19 59 11 20 60 18 20 61 22 20 62</p>
        </triangles>
      </mesh>
    </geometry>
    <geometry id="平面_004-mesh" name="平面.004">
      <mesh>
        <source id="平面_004-mesh-positions">
          <float_array id="平面_004-mesh-positions-array" count="12">-1 -1 0 1 -1 0 -1 1 0 1 1 0</float_array>
          <technique_common>
            <accessor source="#平面_004-mesh-positions-array" count="4" stride="3">
              <param name="X" type="float"/>
              <param name="Y" type="float"/>
              <param name="Z" type="float"/>
            </accessor>
          </technique_common>
        </source>
        <source id="平面_004-mesh-normals">
          <float_array id="平面_004-mesh-normals-array" count="6">0 0 1 0 0 1</float_array>
          <technique_common>
            <accessor source="#平面_004-mesh-normals-array" count="2" stride="3">
              <param name="X" type="float"/>
              <param name="Y" type="float"/>
              <param name="Z" type="float"/>
            </accessor>
          </technique_common>
        </source>
        <source id="平面_004-mesh-map-0">
          <float_array id="平面_004-mesh-map-0-array" count="12">1 0 0 1 0 0 1 0 1 1 0 1</float_array>
          <technique_common>
            <accessor source="#平面_004-mesh-map-0-array" count="6" stride="2">
              <param name="S" type="float"/>
              <param name="T" type="float"/>
            </accessor>
          </technique_common>
        </source>
        <vertices id="平面_004-mesh-vertices">
          <input semantic="POSITION" source="#平面_004-mesh-positions"/>
        </vertices>
        <triangles count="2">
          <input semantic="VERTEX" source="#平面_004-mesh-vertices" offset="0"/>
          <input semantic="NORMAL" source="#平面_004-mesh-normals" offset="1"/>
          <input semantic="TEXCOORD" source="#平面_004-mesh-map-0" offset="2" set="0"/>
          <p>1 0 0 2 0 1 0 0 2 1 1 3 3 1 4 2 1 5</p>
        </triangles>
      </mesh>
    </geometry>
    <geometry id="平面_003-mesh" name="平面.003">
      <mesh>
        <source id="平面_003-mesh-positions">
          <float_array id="平面_003-mesh-positions-array" count="12">-1 -1 0 1 -1 0 -1 1 0 1 1 0</float_array>
          <technique_common>
            <accessor source="#平面_003-mesh-positions-array" count="4" stride="3">
              <param name="X" type="float"/>
              <param name="Y" type="float"/>
              <param name="Z" type="float"/>
            </accessor>
          </technique_common>
        </source>
        <source id="平面_003-mesh-normals">
          <float_array id="平面_003-mesh-normals-array" count="6">0 0 1 0 0 1</float_array>
          <technique_common>
            <accessor source="#平面_003-mesh-normals-array" count="2" stride="3">
              <param name="X" type="float"/>
              <param name="Y" type="float"/>
              <param name="Z" type="float"/>
            </accessor>
          </technique_common>
        </source>
        <source id="平面_003-mesh-map-0">
          <float_array id="平面_003-mesh-map-0-array" count="12">1 0 0 1 0 0 1 0 1 1 0 1</float_array>
          <technique_common>
            <accessor source="#平面_003-mesh-map-0-array" count="6" stride="2">
              <param name="S" type="float"/>
              <param name="T" type="float"/>
            </accessor>
          </technique_common>
        </source>
        <vertices id="平面_003-mesh-vertices">
          <input semantic="POSITION" source="#平面_003-mesh-positions"/>
        </vertices>
        <triangles count="2">
          <input semantic="VERTEX" source="#平面_003-mesh-vertices" offset="0"/>
          <input semantic="NORMAL" source="#平面_003-mesh-normals" offset="1"/>
          <input semantic="TEXCOORD" source="#平面_003-mesh-map-0" offset="2" set="0"/>
          <p>1 0 0 2 0 1 0 0 2 1 1 3 3 1 4 2 1 5</p>
        </triangles>
      </mesh>
    </geometry>
    <geometry id="平面_002-mesh" name="平面.002">
      <mesh>
        <source id="平面_002-mesh-positions">
          <float_array id="平面_002-mesh-positions-array" count="12">-1 -1 0 1 -1 0 -1 1 0 1 1 0</float_array>
          <technique_common>
            <accessor source="#平面_002-mesh-positions-array" count="4" stride="3">
              <param name="X" type="float"/>
              <param name="Y" type="float"/>
              <param name="Z" type="float"/>
            </accessor>
          </technique_common>
        </source>
        <source id="平面_002-mesh-normals">
          <float_array id="平面_002-mesh-normals-array" count="6">0 0 1 0 0 1</float_array>
          <technique_common>
            <accessor source="#平面_002-mesh-normals-array" count="2" stride="3">
              <param name="X" type="float"/>
              <param name="Y" type="float"/>
              <param name="Z" type="float"/>
            </accessor>
          </technique_common>
        </source>
        <source id="平面_002-mesh-map-0">
          <float_array id="平面_002-mesh-map-0-array" count="12">1 0 0 1 0 0 1 0 1 1 0 1</float_array>
          <technique_common>
            <accessor source="#平面_002-mesh-map-0-array" count="6" stride="2">
              <param name="S" type="float"/>
              <param name="T" type="float"/>
            </accessor>
          </technique_common>
        </source>
        <vertices id="平面_002-mesh-vertices">
          <input semantic="POSITION" source="#平面_002-mesh-positions"/>
        </vertices>
        <triangles count="2">
          <input semantic="VERTEX" source="#平面_002-mesh-vertices" offset="0"/>
          <input semantic="NORMAL" source="#平面_002-mesh-normals" offset="1"/>
          <input semantic="TEXCOORD" source="#平面_002-mesh-map-0" offset="2" set="0"/>
          <p>1 0 0 2 0 1 0 0 2 1 1 3 3 1 4 2 1 5</p>
        </triangles>
      </mesh>
    </geometry>
    <geometry id="平面_001-mesh" name="平面.001">
      <mesh>
        <source id="平面_001-mesh-positions">
          <float_array id="平面_001-mesh-positions-array" count="12">-1 -1 0 1 -1 0 -1 1 0 1 1 0</float_array>
          <technique_common>
            <accessor source="#平面_001-mesh-positions-array" count="4" stride="3">
              <param name="X" type="float"/>
              <param name="Y" type="float"/>
              <param name="Z" type="float"/>
            </accessor>
          </technique_common>
        </source>
        <source id="平面_001-mesh-normals">
          <float_array id="平面_001-mesh-normals-array" count="6">0 0 1 0 0 1</float_array>
          <technique_common>
            <accessor source="#平面_001-mesh-normals-array" count="2" stride="3">
              <param name="X" type="float"/>
              <param name="Y" type="float"/>
              <param name="Z" type="float"/>
            </accessor>
          </technique_common>
        </source>
        <source id="平面_001-mesh-map-0">
          <float_array id="平面_001-mesh-map-0-array" count="12">1 0 0 1 0 0 1 0 1 1 0 1</float_array>
          <technique_common>
            <accessor source="#平面_001-mesh-map-0-array" count="6" stride="2">
              <param name="S" type="float"/>
              <param name="T" type="float"/>
            </accessor>
          </technique_common>
        </source>
        <vertices id="平面_001-mesh-vertices">
          <input semantic="POSITION" source="#平面_001-mesh-positions"/>
        </vertices>
        <triangles count="2">
          <input semantic="VERTEX" source="#平面_001-mesh-vertices" offset="0"/>
          <input semantic="NORMAL" source="#平面_001-mesh-normals" offset="1"/>
          <input semantic="TEXCOORD" source="#平面_001-mesh-map-0" offset="2" set="0"/>
          <p>1 0 0 2 0 1 0 0 2 1 1 3 3 1 4 2 1 5</p>
        </triangles>
      </mesh>
    </geometry>
    <geometry id="立方体_016-mesh" name="立方体.016">
      <mesh>
        <source id="立方体_016-mesh-positions">
          <float_array id="立方体_016-mesh-positions-array" count="24">-1 -1 -1 -1 -1 1 -1 1 -1 -1 1 1 1 -1 -1 1 -1 1 1 1 -1 1 1 1</float_array>
          <technique_common>
            <accessor source="#立方体_016-mesh-positions-array" count="8" stride="3">
              <param name="X" type="float"/>
              <param name="Y" type="float"/>
              <param name="Z" type="float"/>
            </accessor>
          </technique_common>
        </source>
        <source id="立方体_016-mesh-normals">
          <float_array id="立方体_016-mesh-normals-array" count="36">-1 0 0 0 1 0 1 0 0 0 -1 0 0 0 -1 0 0 1 -1 0 0 0 1 0 1 0 0 0 -1 0 0 0 -1 0 0 1</float_array>
          <technique_common>
            <accessor source="#立方体_016-mesh-normals-array" count="12" stride="3">
              <param name="X" type="float"/>
              <param name="Y" type="float"/>
              <param name="Z" type="float"/>
            </accessor>
          </technique_common>
        </source>
        <source id="立方体_016-mesh-map-0">
          <float_array id="立方体_016-mesh-map-0-array" count="72">0.625 0 0.375 0.25 0.375 0 0.625 0.25 0.375 0.5 0.375 0.25 0.625 0.5 0.375 0.75 0.375 0.5 0.625 0.75 0.375 1 0.375 0.75 0.375 0.5 0.125 0.75 0.125 0.5 0.875 0.5 0.625 0.75 0.625 0.5 0.625 0 0.625 0.25 0.375 0.25 0.625 0.25 0.625 0.5 0.375 0.5 0.625 0.5 0.625 0.75 0.375 0.75 0.625 0.75 0.625 1 0.375 1 0.375 0.5 0.375 0.75 0.125 0.75 0.875 0.5 0.875 0.75 0.625 0.75</float_array>
          <technique_common>
            <accessor source="#立方体_016-mesh-map-0-array" count="36" stride="2">
              <param name="S" type="float"/>
              <param name="T" type="float"/>
            </accessor>
          </technique_common>
        </source>
        <vertices id="立方体_016-mesh-vertices">
          <input semantic="POSITION" source="#立方体_016-mesh-positions"/>
        </vertices>
        <triangles count="12">
          <input semantic="VERTEX" source="#立方体_016-mesh-vertices" offset="0"/>
          <input semantic="NORMAL" source="#立方体_016-mesh-normals" offset="1"/>
          <input semantic="TEXCOORD" source="#立方体_016-mesh-map-0" offset="2" set="0"/>
          <p>1 0 0 2 0 1 0 0 2 3 1 3 6 1 4 2 1 5 7 2 6 4 2 7 6 2 8 5 3 9 0 3 10 4 3 11 6 4 12 0 4 13 2 4 14 3 5 15 5 5 16 7 5 17 1 6 18 3 6 19 2 6 20 3 7 21 7 7 22 6 7 23 7 8 24 5 8 25 4 8 26 5 9 27 1 9 28 0 9 29 6 10 30 4 10 31 0 10 32 3 11 33 1 11 34 5 11 35</p>
        </triangles>
      </mesh>
    </geometry>
    <geometry id="立方体_015-mesh" name="立方体.015">
      <mesh>
        <source id="立方体_015-mesh-positions">
          <float_array id="立方体_015-mesh-positions-array" count="24">-1 -1 -1 -1 -1 1 -1 1 -1 -1 1 1 1 -1 -1 1 -1 1 1 1 -1 1 1 1</float_array>
          <technique_common>
            <accessor source="#立方体_015-mesh-positions-array" count="8" stride="3">
              <param name="X" type="float"/>
              <param name="Y" type="float"/>
              <param name="Z" type="float"/>
            </accessor>
          </technique_common>
        </source>
        <source id="立方体_015-mesh-normals">
          <float_array id="立方体_015-mesh-normals-array" count="36">-1 0 0 0 1 0 1 0 0 0 -1 0 0 0 -1 0 0 1 -1 0 0 0 1 0 1 0 0 0 -1 0 0 0 -1 0 0 1</float_array>
          <technique_common>
            <accessor source="#立方体_015-mesh-normals-array" count="12" stride="3">
              <param name="X" type="float"/>
              <param name="Y" type="float"/>
              <param name="Z" type="float"/>
            </accessor>
          </technique_common>
        </source>
        <source id="立方体_015-mesh-map-0">
          <float_array id="立方体_015-mesh-map-0-array" count="72">0.625 0 0.375 0.25 0.375 0 0.625 0.25 0.375 0.5 0.375 0.25 0.625 0.5 0.375 0.75 0.375 0.5 0.625 0.75 0.375 1 0.375 0.75 0.375 0.5 0.125 0.75 0.125 0.5 0.875 0.5 0.625 0.75 0.625 0.5 0.625 0 0.625 0.25 0.375 0.25 0.625 0.25 0.625 0.5 0.375 0.5 0.625 0.5 0.625 0.75 0.375 0.75 0.625 0.75 0.625 1 0.375 1 0.375 0.5 0.375 0.75 0.125 0.75 0.875 0.5 0.875 0.75 0.625 0.75</float_array>
          <technique_common>
            <accessor source="#立方体_015-mesh-map-0-array" count="36" stride="2">
              <param name="S" type="float"/>
              <param name="T" type="float"/>
            </accessor>
          </technique_common>
        </source>
        <vertices id="立方体_015-mesh-vertices">
          <input semantic="POSITION" source="#立方体_015-mesh-positions"/>
        </vertices>
        <triangles count="12">
          <input semantic="VERTEX" source="#立方体_015-mesh-vertices" offset="0"/>
          <input semantic="NORMAL" source="#立方体_015-mesh-normals" offset="1"/>
          <input semantic="TEXCOORD" source="#立方体_015-mesh-map-0" offset="2" set="0"/>
          <p>1 0 0 2 0 1 0 0 2 3 1 3 6 1 4 2 1 5 7 2 6 4 2 7 6 2 8 5 3 9 0 3 10 4 3 11 6 4 12 0 4 13 2 4 14 3 5 15 5 5 16 7 5 17 1 6 18 3 6 19 2 6 20 3 7 21 7 7 22 6 7 23 7 8 24 5 8 25 4 8 26 5 9 27 1 9 28 0 9 29 6 10 30 4 10 31 0 10 32 3 11 33 1 11 34 5 11 35</p>
        </triangles>
      </mesh>
    </geometry>
    <geometry id="立方体_014-mesh" name="立方体.014">
      <mesh>
        <source id="立方体_014-mesh-positions">
          <float_array id="立方体_014-mesh-positions-array" count="24">-1 -1 -1 -1 -1 1 -1 1 -1 -1 1 1 1 -1 -1 1 -1 1 1 1 -1 1 1 1</float_array>
          <technique_common>
            <accessor source="#立方体_014-mesh-positions-array" count="8" stride="3">
              <param name="X" type="float"/>
              <param name="Y" type="float"/>
              <param name="Z" type="float"/>
            </accessor>
          </technique_common>
        </source>
        <source id="立方体_014-mesh-normals">
          <float_array id="立方体_014-mesh-normals-array" count="36">-1 0 0 0 1 0 1 0 0 0 -1 0 0 0 -1 0 0 1 -1 0 0 0 1 0 1 0 0 0 -1 0 0 0 -1 0 0 1</float_array>
          <technique_common>
            <accessor source="#立方体_014-mesh-normals-array" count="12" stride="3">
              <param name="X" type="float"/>
              <param name="Y" type="float"/>
              <param name="Z" type="float"/>
            </accessor>
          </technique_common>
        </source>
        <source id="立方体_014-mesh-map-0">
          <float_array id="立方体_014-mesh-map-0-array" count="72">0.625 0 0.375 0.25 0.375 0 0.625 0.25 0.375 0.5 0.375 0.25 0.625 0.5 0.375 0.75 0.375 0.5 0.625 0.75 0.375 1 0.375 0.75 0.375 0.5 0.125 0.75 0.125 0.5 0.875 0.5 0.625 0.75 0.625 0.5 0.625 0 0.625 0.25 0.375 0.25 0.625 0.25 0.625 0.5 0.375 0.5 0.625 0.5 0.625 0.75 0.375 0.75 0.625 0.75 0.625 1 0.375 1 0.375 0.5 0.375 0.75 0.125 0.75 0.875 0.5 0.875 0.75 0.625 0.75</float_array>
          <technique_common>
            <accessor source="#立方体_014-mesh-map-0-array" count="36" stride="2">
              <param name="S" type="float"/>
              <param name="T" type="float"/>
            </accessor>
          </technique_common>
        </source>
        <vertices id="立方体_014-mesh-vertices">
          <input semantic="POSITION" source="#立方体_014-mesh-positions"/>
        </vertices>
        <triangles count="12">
          <input semantic="VERTEX" source="#立方体_014-mesh-vertices" offset="0"/>
          <input semantic="NORMAL" source="#立方体_014-mesh-normals" offset="1"/>
          <input semantic="TEXCOORD" source="#立方体_014-mesh-map-0" offset="2" set="0"/>
          <p>1 0 0 2 0 1 0 0 2 3 1 3 6 1 4 2 1 5 7 2 6 4 2 7 6 2 8 5 3 9 0 3 10 4 3 11 6 4 12 0 4 13 2 4 14 3 5 15 5 5 16 7 5 17 1 6 18 3 6 19 2 6 20 3 7 21 7 7 22 6 7 23 7 8 24 5 8 25 4 8 26 5 9 27 1 9 28 0 9 29 6 10 30 4 10 31 0 10 32 3 11 33 1 11 34 5 11 35</p>
        </triangles>
      </mesh>
    </geometry>
    <geometry id="立方体_013-mesh" name="立方体.013">
      <mesh>
        <source id="立方体_013-mesh-positions">
          <float_array id="立方体_013-mesh-positions-array" count="24">-1 -1 -1 -1 -1 1 -1 1 -1 -1 1 1 1 -1 -1 1 -1 1 1 1 -1 1 1 1</float_array>
          <technique_common>
            <accessor source="#立方体_013-mesh-positions-array" count="8" stride="3">
              <param name="X" type="float"/>
              <param name="Y" type="float"/>
              <param name="Z" type="float"/>
            </accessor>
          </technique_common>
        </source>
        <source id="立方体_013-mesh-normals">
          <float_array id="立方体_013-mesh-normals-array" count="36">-1 0 0 0 1 0 1 0 0 0 -1 0 0 0 -1 0 0 1 -1 0 0 0 1 0 1 0 0 0 -1 0 0 0 -1 0 0 1</float_array>
          <technique_common>
            <accessor source="#立方体_013-mesh-normals-array" count="12" stride="3">
              <param name="X" type="float"/>
              <param name="Y" type="float"/>
              <param name="Z" type="float"/>
            </accessor>
          </technique_common>
        </source>
        <source id="立方体_013-mesh-map-0">
          <float_array id="立方体_013-mesh-map-0-array" count="72">0.625 0 0.375 0.25 0.375 0 0.625 0.25 0.375 0.5 0.375 0.25 0.625 0.5 0.375 0.75 0.375 0.5 0.625 0.75 0.375 1 0.375 0.75 0.375 0.5 0.125 0.75 0.125 0.5 0.875 0.5 0.625 0.75 0.625 0.5 0.625 0 0.625 0.25 0.375 0.25 0.625 0.25 0.625 0.5 0.375 0.5 0.625 0.5 0.625 0.75 0.375 0.75 0.625 0.75 0.625 1 0.375 1 0.375 0.5 0.375 0.75 0.125 0.75 0.875 0.5 0.875 0.75 0.625 0.75</float_array>
          <technique_common>
            <accessor source="#立方体_013-mesh-map-0-array" count="36" stride="2">
              <param name="S" type="float"/>
              <param name="T" type="float"/>
            </accessor>
          </technique_common>
        </source>
        <vertices id="立方体_013-mesh-vertices">
          <input semantic="POSITION" source="#立方体_013-mesh-positions"/>
        </vertices>
        <triangles count="12">
          <input semantic="VERTEX" source="#立方体_013-mesh-vertices" offset="0"/>
          <input semantic="NORMAL" source="#立方体_013-mesh-normals" offset="1"/>
          <input semantic="TEXCOORD" source="#立方体_013-mesh-map-0" offset="2" set="0"/>
          <p>1 0 0 2 0 1 0 0 2 3 1 3 6 1 4 2 1 5 7 2 6 4 2 7 6 2 8 5 3 9 0 3 10 4 3 11 6 4 12 0 4 13 2 4 14 3 5 15 5 5 16 7 5 17 1 6 18 3 6 19 2 6 20 3 7 21 7 7 22 6 7 23 7 8 24 5 8 25 4 8 26 5 9 27 1 9 28 0 9 29 6 10 30 4 10 31 0 10 32 3 11 33 1 11 34 5 11 35</p>
        </triangles>
      </mesh>
    </geometry>
    <geometry id="立方体_012-mesh" name="立方体.012">
      <mesh>
        <source id="立方体_012-mesh-positions">
          <float_array id="立方体_012-mesh-positions-array" count="24">-1 -1 -1 -1 -1 1 -1 1 -1 -1 1 1 1 -1 -1 1 -1 1 1 1 -1 1 1 1</float_array>
          <technique_common>
            <accessor source="#立方体_012-mesh-positions-array" count="8" stride="3">
              <param name="X" type="float"/>
              <param name="Y" type="float"/>
              <param name="Z" type="float"/>
            </accessor>
          </technique_common>
        </source>
        <source id="立方体_012-mesh-normals">
          <float_array id="立方体_012-mesh-normals-array" count="36">-1 0 0 0 1 0 1 0 0 0 -1 0 0 0 -1 0 0 1 -1 0 0 0 1 0 1 0 0 0 -1 0 0 0 -1 0 0 1</float_array>
          <technique_common>
            <accessor source="#立方体_012-mesh-normals-array" count="12" stride="3">
              <param name="X" type="float"/>
              <param name="Y" type="float"/>
              <param name="Z" type="float"/>
            </accessor>
          </technique_common>
        </source>
        <source id="立方体_012-mesh-map-0">
          <float_array id="立方体_012-mesh-map-0-array" count="72">0.625 0 0.375 0.25 0.375 0 0.625 0.25 0.375 0.5 0.375 0.25 0.625 0.5 0.375 0.75 0.375 0.5 0.625 0.75 0.375 1 0.375 0.75 0.375 0.5 0.125 0.75 0.125 0.5 0.875 0.5 0.625 0.75 0.625 0.5 0.625 0 0.625 0.25 0.375 0.25 0.625 0.25 0.625 0.5 0.375 0.5 0.625 0.5 0.625 0.75 0.375 0.75 0.625 0.75 0.625 1 0.375 1 0.375 0.5 0.375 0.75 0.125 0.75 0.875 0.5 0.875 0.75 0.625 0.75</float_array>
          <technique_common>
            <accessor source="#立方体_012-mesh-map-0-array" count="36" stride="2">
              <param name="S" type="float"/>
              <param name="T" type="float"/>
            </accessor>
          </technique_common>
        </source>
        <vertices id="立方体_012-mesh-vertices">
          <input semantic="POSITION" source="#立方体_012-mesh-positions"/>
        </vertices>
        <triangles count="12">
          <input semantic="VERTEX" source="#立方体_012-mesh-vertices" offset="0"/>
          <input semantic="NORMAL" source="#立方体_012-mesh-normals" offset="1"/>
          <input semantic="TEXCOORD" source="#立方体_012-mesh-map-0" offset="2" set="0"/>
          <p>1 0 0 2 0 1 0 0 2 3 1 3 6 1 4 2 1 5 7 2 6 4 2 7 6 2 8 5 3 9 0 3 10 4 3 11 6 4 12 0 4 13 2 4 14 3 5 15 5 5 16 7 5 17 1 6 18 3 6 19 2 6 20 3 7 21 7 7 22 6 7 23 7 8 24 5 8 25 4 8 26 5 9 27 1 9 28 0 9 29 6 10 30 4 10 31 0 10 32 3 11 33 1 11 34 5 11 35</p>
        </triangles>
      </mesh>
    </geometry>
    <geometry id="立方体_010-mesh" name="立方体.010">
      <mesh>
        <source id="立方体_010-mesh-positions">
          <float_array id="立方体_010-mesh-positions-array" count="24">-1 -1 -1 -1 -1 1 -1 1 -1 -1 1 1 1 -1 -1 1 -1 1 1 1 -1 1 1 1</float_array>
          <technique_common>
            <accessor source="#立方体_010-mesh-positions-array" count="8" stride="3">
              <param name="X" type="float"/>
              <param name="Y" type="float"/>
              <param name="Z" type="float"/>
            </accessor>
          </technique_common>
        </source>
        <source id="立方体_010-mesh-normals">
          <float_array id="立方体_010-mesh-normals-array" count="36">-1 0 0 0 1 0 1 0 0 0 -1 0 0 0 -1 0 0 1 -1 0 0 0 1 0 1 0 0 0 -1 0 0 0 -1 0 0 1</float_array>
          <technique_common>
            <accessor source="#立方体_010-mesh-normals-array" count="12" stride="3">
              <param name="X" type="float"/>
              <param name="Y" type="float"/>
              <param name="Z" type="float"/>
            </accessor>
          </technique_common>
        </source>
        <source id="立方体_010-mesh-map-0">
          <float_array id="立方体_010-mesh-map-0-array" count="72">0.625 0 0.375 0.25 0.375 0 0.625 0.25 0.375 0.5 0.375 0.25 0.625 0.5 0.375 0.75 0.375 0.5 0.625 0.75 0.375 1 0.375 0.75 0.375 0.5 0.125 0.75 0.125 0.5 0.875 0.5 0.625 0.75 0.625 0.5 0.625 0 0.625 0.25 0.375 0.25 0.625 0.25 0.625 0.5 0.375 0.5 0.625 0.5 0.625 0.75 0.375 0.75 0.625 0.75 0.625 1 0.375 1 0.375 0.5 0.375 0.75 0.125 0.75 0.875 0.5 0.875 0.75 0.625 0.75</float_array>
          <technique_common>
            <accessor source="#立方体_010-mesh-map-0-array" count="36" stride="2">
              <param name="S" type="float"/>
              <param name="T" type="float"/>
            </accessor>
          </technique_common>
        </source>
        <vertices id="立方体_010-mesh-vertices">
          <input semantic="POSITION" source="#立方体_010-mesh-positions"/>
        </vertices>
        <triangles count="12">
          <input semantic="VERTEX" source="#立方体_010-mesh-vertices" offset="0"/>
          <input semantic="NORMAL" source="#立方体_010-mesh-normals" offset="1"/>
          <input semantic="TEXCOORD" source="#立方体_010-mesh-map-0" offset="2" set="0"/>
          <p>1 0 0 2 0 1 0 0 2 3 1 3 6 1 4 2 1 5 7 2 6 4 2 7 6 2 8 5 3 9 0 3 10 4 3 11 6 4 12 0 4 13 2 4 14 3 5 15 5 5 16 7 5 17 1 6 18 3 6 19 2 6 20 3 7 21 7 7 22 6 7 23 7 8 24 5 8 25 4 8 26 5 9 27 1 9 28 0 9 29 6 10 30 4 10 31 0 10 32 3 11 33 1 11 34 5 11 35</p>
        </triangles>
      </mesh>
    </geometry>
    <geometry id="立方体_009-mesh" name="立方体.009">
      <mesh>
        <source id="立方体_009-mesh-positions">
          <float_array id="立方体_009-mesh-positions-array" count="24">-1 -1 -1 -1 -1 1 -1 1 -1 -1 1 1 1 -1 -1 1 -1 1 1 1 -1 1 1 1</float_array>
          <technique_common>
            <accessor source="#立方体_009-mesh-positions-array" count="8" stride="3">
              <param name="X" type="float"/>
              <param name="Y" type="float"/>
              <param name="Z" type="float"/>
            </accessor>
          </technique_common>
        </source>
        <source id="立方体_009-mesh-normals">
          <float_array id="立方体_009-mesh-normals-array" count="36">-1 0 0 0 1 0 1 0 0 0 -1 0 0 0 -1 0 0 1 -1 0 0 0 1 0 1 0 0 0 -1 0 0 0 -1 0 0 1</float_array>
          <technique_common>
            <accessor source="#立方体_009-mesh-normals-array" count="12" stride="3">
              <param name="X" type="float"/>
              <param name="Y" type="float"/>
              <param name="Z" type="float"/>
            </accessor>
          </technique_common>
        </source>
        <source id="立方体_009-mesh-map-0">
          <float_array id="立方体_009-mesh-map-0-array" count="72">0.625 0 0.375 0.25 0.375 0 0.625 0.25 0.375 0.5 0.375 0.25 0.625 0.5 0.375 0.75 0.375 0.5 0.625 0.75 0.375 1 0.375 0.75 0.375 0.5 0.125 0.75 0.125 0.5 0.875 0.5 0.625 0.75 0.625 0.5 0.625 0 0.625 0.25 0.375 0.25 0.625 0.25 0.625 0.5 0.375 0.5 0.625 0.5 0.625 0.75 0.375 0.75 0.625 0.75 0.625 1 0.375 1 0.375 0.5 0.375 0.75 0.125 0.75 0.875 0.5 0.875 0.75 0.625 0.75</float_array>
          <technique_common>
            <accessor source="#立方体_009-mesh-map-0-array" count="36" stride="2">
              <param name="S" type="float"/>
              <param name="T" type="float"/>
            </accessor>
          </technique_common>
        </source>
        <vertices id="立方体_009-mesh-vertices">
          <input semantic="POSITION" source="#立方体_009-mesh-positions"/>
        </vertices>
        <triangles count="12">
          <input semantic="VERTEX" source="#立方体_009-mesh-vertices" offset="0"/>
          <input semantic="NORMAL" source="#立方体_009-mesh-normals" offset="1"/>
          <input semantic="TEXCOORD" source="#立方体_009-mesh-map-0" offset="2" set="0"/>
          <p>1 0 0 2 0 1 0 0 2 3 1 3 6 1 4 2 1 5 7 2 6 4 2 7 6 2 8 5 3 9 0 3 10 4 3 11 6 4 12 0 4 13 2 4 14 3 5 15 5 5 16 7 5 17 1 6 18 3 6 19 2 6 20 3 7 21 7 7 22 6 7 23 7 8 24 5 8 25 4 8 26 5 9 27 1 9 28 0 9 29 6 10 30 4 10 31 0 10 32 3 11 33 1 11 34 5 11 35</p>
        </triangles>
      </mesh>
    </geometry>
    <geometry id="立方体_008-mesh" name="立方体.008">
      <mesh>
        <source id="立方体_008-mesh-positions">
          <float_array id="立方体_008-mesh-positions-array" count="24">-1 -1 -1 -1 -1 1 -1 1 -1 -1 1 1 1 -1 -1 1 -1 1 1 1 -1 1 1 1</float_array>
          <technique_common>
            <accessor source="#立方体_008-mesh-positions-array" count="8" stride="3">
              <param name="X" type="float"/>
              <param name="Y" type="float"/>
              <param name="Z" type="float"/>
            </accessor>
          </technique_common>
        </source>
        <source id="立方体_008-mesh-normals">
          <float_array id="立方体_008-mesh-normals-array" count="36">-1 0 0 0 1 0 1 0 0 0 -1 0 0 0 -1 0 0 1 -1 0 0 0 1 0 1 0 0 0 -1 0 0 0 -1 0 0 1</float_array>
          <technique_common>
            <accessor source="#立方体_008-mesh-normals-array" count="12" stride="3">
              <param name="X" type="float"/>
              <param name="Y" type="float"/>
              <param name="Z" type="float"/>
            </accessor>
          </technique_common>
        </source>
        <source id="立方体_008-mesh-map-0">
          <float_array id="立方体_008-mesh-map-0-array" count="72">0.625 0 0.375 0.25 0.375 0 0.625 0.25 0.375 0.5 0.375 0.25 0.625 0.5 0.375 0.75 0.375 0.5 0.625 0.75 0.375 1 0.375 0.75 0.375 0.5 0.125 0.75 0.125 0.5 0.875 0.5 0.625 0.75 0.625 0.5 0.625 0 0.625 0.25 0.375 0.25 0.625 0.25 0.625 0.5 0.375 0.5 0.625 0.5 0.625 0.75 0.375 0.75 0.625 0.75 0.625 1 0.375 1 0.375 0.5 0.375 0.75 0.125 0.75 0.875 0.5 0.875 0.75 0.625 0.75</float_array>
          <technique_common>
            <accessor source="#立方体_008-mesh-map-0-array" count="36" stride="2">
              <param name="S" type="float"/>
              <param name="T" type="float"/>
            </accessor>
          </technique_common>
        </source>
        <vertices id="立方体_008-mesh-vertices">
          <input semantic="POSITION" source="#立方体_008-mesh-positions"/>
        </vertices>
        <triangles count="12">
          <input semantic="VERTEX" source="#立方体_008-mesh-vertices" offset="0"/>
          <input semantic="NORMAL" source="#立方体_008-mesh-normals" offset="1"/>
          <input semantic="TEXCOORD" source="#立方体_008-mesh-map-0" offset="2" set="0"/>
          <p>1 0 0 2 0 1 0 0 2 3 1 3 6 1 4 2 1 5 7 2 6 4 2 7 6 2 8 5 3 9 0 3 10 4 3 11 6 4 12 0 4 13 2 4 14 3 5 15 5 5 16 7 5 17 1 6 18 3 6 19 2 6 20 3 7 21 7 7 22 6 7 23 7 8 24 5 8 25 4 8 26 5 9 27 1 9 28 0 9 29 6 10 30 4 10 31 0 10 32 3 11 33 1 11 34 5 11 35</p>
        </triangles>
      </mesh>
    </geometry>
    <geometry id="立方体_007-mesh" name="立方体.007">
      <mesh>
        <source id="立方体_007-mesh-positions">
          <float_array id="立方体_007-mesh-positions-array" count="24">-1 -1 -1 -1 -1 1 -1 1 -1 -1 1 1 1 -1 -1 1 -1 1 1 1 -1 1 1 1</float_array>
          <technique_common>
            <accessor source="#立方体_007-mesh-positions-array" count="8" stride="3">
              <param name="X" type="float"/>
              <param name="Y" type="float"/>
              <param name="Z" type="float"/>
            </accessor>
          </technique_common>
        </source>
        <source id="立方体_007-mesh-normals">
          <float_array id="立方体_007-mesh-normals-array" count="36">-1 0 0 0 1 0 1 0 0 0 -1 0 0 0 -1 0 0 1 -1 0 0 0 1 0 1 0 0 0 -1 0 0 0 -1 0 0 1</float_array>
          <technique_common>
            <accessor source="#立方体_007-mesh-normals-array" count="12" stride="3">
              <param name="X" type="float"/>
              <param name="Y" type="float"/>
              <param name="Z" type="float"/>
            </accessor>
          </technique_common>
        </source>
        <source id="立方体_007-mesh-map-0">
          <float_array id="立方体_007-mesh-map-0-array" count="72">0.625 0 0.375 0.25 0.375 0 0.625 0.25 0.375 0.5 0.375 0.25 0.625 0.5 0.375 0.75 0.375 0.5 0.625 0.75 0.375 1 0.375 0.75 0.375 0.5 0.125 0.75 0.125 0.5 0.875 0.5 0.625 0.75 0.625 0.5 0.625 0 0.625 0.25 0.375 0.25 0.625 0.25 0.625 0.5 0.375 0.5 0.625 0.5 0.625 0.75 0.375 0.75 0.625 0.75 0.625 1 0.375 1 0.375 0.5 0.375 0.75 0.125 0.75 0.875 0.5 0.875 0.75 0.625 0.75</float_array>
          <technique_common>
            <accessor source="#立方体_007-mesh-map-0-array" count="36" stride="2">
              <param name="S" type="float"/>
              <param name="T" type="float"/>
            </accessor>
          </technique_common>
        </source>
        <vertices id="立方体_007-mesh-vertices">
          <input semantic="POSITION" source="#立方体_007-mesh-positions"/>
        </vertices>
        <triangles count="12">
          <input semantic="VERTEX" source="#立方体_007-mesh-vertices" offset="0"/>
          <input semantic="NORMAL" source="#立方体_007-mesh-normals" offset="1"/>
          <input semantic="TEXCOORD" source="#立方体_007-mesh-map-0" offset="2" set="0"/>
          <p>1 0 0 2 0 1 0 0 2 3 1 3 6 1 4 2 1 5 7 2 6 4 2 7 6 2 8 5 3 9 0 3 10 4 3 11 6 4 12 0 4 13 2 4 14 3 5 15 5 5 16 7 5 17 1 6 18 3 6 19 2 6 20 3 7 21 7 7 22 6 7 23 7 8 24 5 8 25 4 8 26 5 9 27 1 9 28 0 9 29 6 10 30 4 10 31 0 10 32 3 11 33 1 11 34 5 11 35</p>
        </triangles>
      </mesh>
    </geometry>
    <geometry id="立方体_006-mesh" name="立方体.006">
      <mesh>
        <source id="立方体_006-mesh-positions">
          <float_array id="立方体_006-mesh-positions-array" count="24">-1 -1 -1 -1 -1 1 -1 1 -1 -1 1 1 1 -1 -1 1 -1 1 1 1 -1 1 1 1</float_array>
          <technique_common>
            <accessor source="#立方体_006-mesh-positions-array" count="8" stride="3">
              <param name="X" type="float"/>
              <param name="Y" type="float"/>
              <param name="Z" type="float"/>
            </accessor>
          </technique_common>
        </source>
        <source id="立方体_006-mesh-normals">
          <float_array id="立方体_006-mesh-normals-array" count="36">-1 0 0 0 1 0 1 0 0 0 -1 0 0 0 -1 0 0 1 -1 0 0 0 1 0 1 0 0 0 -1 0 0 0 -1 0 0 1</float_array>
          <technique_common>
            <accessor source="#立方体_006-mesh-normals-array" count="12" stride="3">
              <param name="X" type="float"/>
              <param name="Y" type="float"/>
              <param name="Z" type="float"/>
            </accessor>
          </technique_common>
        </source>
        <source id="立方体_006-mesh-map-0">
          <float_array id="立方体_006-mesh-map-0-array" count="72">0.625 0 0.375 0.25 0.375 0 0.625 0.25 0.375 0.5 0.375 0.25 0.625 0.5 0.375 0.75 0.375 0.5 0.625 0.75 0.375 1 0.375 0.75 0.375 0.5 0.125 0.75 0.125 0.5 0.875 0.5 0.625 0.75 0.625 0.5 0.625 0 0.625 0.25 0.375 0.25 0.625 0.25 0.625 0.5 0.375 0.5 0.625 0.5 0.625 0.75 0.375 0.75 0.625 0.75 0.625 1 0.375 1 0.375 0.5 0.375 0.75 0.125 0.75 0.875 0.5 0.875 0.75 0.625 0.75</float_array>
          <technique_common>
            <accessor source="#立方体_006-mesh-map-0-array" count="36" stride="2">
              <param name="S" type="float"/>
              <param name="T" type="float"/>
            </accessor>
          </technique_common>
        </source>
        <vertices id="立方体_006-mesh-vertices">
          <input semantic="POSITION" source="#立方体_006-mesh-positions"/>
        </vertices>
        <triangles count="12">
          <input semantic="VERTEX" source="#立方体_006-mesh-vertices" offset="0"/>
          <input semantic="NORMAL" source="#立方体_006-mesh-normals" offset="1"/>
          <input semantic="TEXCOORD" source="#立方体_006-mesh-map-0" offset="2" set="0"/>
          <p>1 0 0 2 0 1 0 0 2 3 1 3 6 1 4 2 1 5 7 2 6 4 2 7 6 2 8 5 3 9 0 3 10 4 3 11 6 4 12 0 4 13 2 4 14 3 5 15 5 5 16 7 5 17 1 6 18 3 6 19 2 6 20 3 7 21 7 7 22 6 7 23 7 8 24 5 8 25 4 8 26 5 9 27 1 9 28 0 9 29 6 10 30 4 10 31 0 10 32 3 11 33 1 11 34 5 11 35</p>
        </triangles>
      </mesh>
    </geometry>
    <geometry id="立方体_005-mesh" name="立方体.005">
      <mesh>
        <source id="立方体_005-mesh-positions">
          <float_array id="立方体_005-mesh-positions-array" count="24">-1 -1 -1 -1 -1 1 -1 1 -1 -1 1 1 1 -1 -1 1 -1 1 1 1 -1 1 1 1</float_array>
          <technique_common>
            <accessor source="#立方体_005-mesh-positions-array" count="8" stride="3">
              <param name="X" type="float"/>
              <param name="Y" type="float"/>
              <param name="Z" type="float"/>
            </accessor>
          </technique_common>
        </source>
        <source id="立方体_005-mesh-normals">
          <float_array id="立方体_005-mesh-normals-array" count="36">-1 0 0 0 1 0 1 0 0 0 -1 0 0 0 -1 0 0 1 -1 0 0 0 1 0 1 0 0 0 -1 0 0 0 -1 0 0 1</float_array>
          <technique_common>
            <accessor source="#立方体_005-mesh-normals-array" count="12" stride="3">
              <param name="X" type="float"/>
              <param name="Y" type="float"/>
              <param name="Z" type="float"/>
            </accessor>
          </technique_common>
        </source>
        <source id="立方体_005-mesh-map-0">
          <float_array id="立方体_005-mesh-map-0-array" count="72">0.625 0 0.375 0.25 0.375 0 0.625 0.25 0.375 0.5 0.375 0.25 0.625 0.5 0.375 0.75 0.375 0.5 0.625 0.75 0.375 1 0.375 0.75 0.375 0.5 0.125 0.75 0.125 0.5 0.875 0.5 0.625 0.75 0.625 0.5 0.625 0 0.625 0.25 0.375 0.25 0.625 0.25 0.625 0.5 0.375 0.5 0.625 0.5 0.625 0.75 0.375 0.75 0.625 0.75 0.625 1 0.375 1 0.375 0.5 0.375 0.75 0.125 0.75 0.875 0.5 0.875 0.75 0.625 0.75</float_array>
          <technique_common>
            <accessor source="#立方体_005-mesh-map-0-array" count="36" stride="2">
              <param name="S" type="float"/>
              <param name="T" type="float"/>
            </accessor>
          </technique_common>
        </source>
        <vertices id="立方体_005-mesh-vertices">
          <input semantic="POSITION" source="#立方体_005-mesh-positions"/>
        </vertices>
        <triangles count="12">
          <input semantic="VERTEX" source="#立方体_005-mesh-vertices" offset="0"/>
          <input semantic="NORMAL" source="#立方体_005-mesh-normals" offset="1"/>
          <input semantic="TEXCOORD" source="#立方体_005-mesh-map-0" offset="2" set="0"/>
          <p>1 0 0 2 0 1 0 0 2 3 1 3 6 1 4 2 1 5 7 2 6 4 2 7 6 2 8 5 3 9 0 3 10 4 3 11 6 4 12 0 4 13 2 4 14 3 5 15 5 5 16 7 5 17 1 6 18 3 6 19 2 6 20 3 7 21 7 7 22 6 7 23 7 8 24 5 8 25 4 8 26 5 9 27 1 9 28 0 9 29 6 10 30 4 10 31 0 10 32 3 11 33 1 11 34 5 11 35</p>
        </triangles>
      </mesh>
    </geometry>
    <geometry id="立方体_004-mesh" name="立方体.004">
      <mesh>
        <source id="立方体_004-mesh-positions">
          <float_array id="立方体_004-mesh-positions-array" count="24">-1 -1 -1 -1 -1 1 -1 1 -1 -1 1 1 1 -1 -1 1 -1 1 1 1 -1 1 1 1</float_array>
          <technique_common>
            <accessor source="#立方体_004-mesh-positions-array" count="8" stride="3">
              <param name="X" type="float"/>
              <param name="Y" type="float"/>
              <param name="Z" type="float"/>
            </accessor>
          </technique_common>
        </source>
        <source id="立方体_004-mesh-normals">
          <float_array id="立方体_004-mesh-normals-array" count="36">-1 0 0 0 1 0 1 0 0 0 -1 0 0 0 -1 0 0 1 -1 0 0 0 1 0 1 0 0 0 -1 0 0 0 -1 0 0 1</float_array>
          <technique_common>
            <accessor source="#立方体_004-mesh-normals-array" count="12" stride="3">
              <param name="X" type="float"/>
              <param name="Y" type="float"/>
              <param name="Z" type="float"/>
            </accessor>
          </technique_common>
        </source>
        <source id="立方体_004-mesh-map-0">
          <float_array id="立方体_004-mesh-map-0-array" count="72">0.625 0 0.375 0.25 0.375 0 0.625 0.25 0.375 0.5 0.375 0.25 0.625 0.5 0.375 0.75 0.375 0.5 0.625 0.75 0.375 1 0.375 0.75 0.375 0.5 0.125 0.75 0.125 0.5 0.875 0.5 0.625 0.75 0.625 0.5 0.625 0 0.625 0.25 0.375 0.25 0.625 0.25 0.625 0.5 0.375 0.5 0.625 0.5 0.625 0.75 0.375 0.75 0.625 0.75 0.625 1 0.375 1 0.375 0.5 0.375 0.75 0.125 0.75 0.875 0.5 0.875 0.75 0.625 0.75</float_array>
          <technique_common>
            <accessor source="#立方体_004-mesh-map-0-array" count="36" stride="2">
              <param name="S" type="float"/>
              <param name="T" type="float"/>
            </accessor>
          </technique_common>
        </source>
        <vertices id="立方体_004-mesh-vertices">
          <input semantic="POSITION" source="#立方体_004-mesh-positions"/>
        </vertices>
        <triangles count="12">
          <input semantic="VERTEX" source="#立方体_004-mesh-vertices" offset="0"/>
          <input semantic="NORMAL" source="#立方体_004-mesh-normals" offset="1"/>
          <input semantic="TEXCOORD" source="#立方体_004-mesh-map-0" offset="2" set="0"/>
          <p>1 0 0 2 0 1 0 0 2 3 1 3 6 1 4 2 1 5 7 2 6 4 2 7 6 2 8 5 3 9 0 3 10 4 3 11 6 4 12 0 4 13 2 4 14 3 5 15 5 5 16 7 5 17 1 6 18 3 6 19 2 6 20 3 7 21 7 7 22 6 7 23 7 8 24 5 8 25 4 8 26 5 9 27 1 9 28 0 9 29 6 10 30 4 10 31 0 10 32 3 11 33 1 11 34 5 11 35</p>
        </triangles>
      </mesh>
    </geometry>
    <geometry id="平面_037-mesh" name="平面.037">
      <mesh>
        <source id="平面_037-mesh-positions">
          <float_array id="平面_037-mesh-positions-array" count="18">-1 -1 0 1 -1 0 -1 1 0 1 1 0 -1 -1 0 -1 1 0</float_array>
          <technique_common>
            <accessor source="#平面_037-mesh-positions-array" count="6" stride="3">
              <param name="X" type="float"/>
              <param name="Y" type="float"/>
              <param name="Z" type="float"/>
            </accessor>
          </technique_common>
        </source>
        <source id="平面_037-mesh-normals">
          <float_array id="平面_037-mesh-normals-array" count="12">0 0 1 0 0 1 0 0 1 0 0 1</float_array>
          <technique_common>
            <accessor source="#平面_037-mesh-normals-array" count="4" stride="3">
              <param name="X" type="float"/>
              <param name="Y" type="float"/>
              <param name="Z" type="float"/>
            </accessor>
          </technique_common>
        </source>
        <source id="平面_037-mesh-map-0">
          <float_array id="平面_037-mesh-map-0-array" count="24">1 0 0 1 0 0 0 1 0 0 0 0 1 0 1 1 0 1 0 1 0 1 0 0</float_array>
          <technique_common>
            <accessor source="#平面_037-mesh-map-0-array" count="12" stride="2">
              <param name="S" type="float"/>
              <param name="T" type="float"/>
            </accessor>
          </technique_common>
        </source>
        <vertices id="平面_037-mesh-vertices">
          <input semantic="POSITION" source="#平面_037-mesh-positions"/>
        </vertices>
        <triangles count="4">
          <input semantic="VERTEX" source="#平面_037-mesh-vertices" offset="0"/>
          <input semantic="NORMAL" source="#平面_037-mesh-normals" offset="1"/>
          <input semantic="TEXCOORD" source="#平面_037-mesh-map-0" offset="2" set="0"/>
          <p>1 0 0 2 0 1 0 0 2 2 1 3 4 1 4 0 1 5 1 2 6 3 2 7 2 2 8 2 3 9 5 3 10 4 3 11</p>
        </triangles>
      </mesh>
    </geometry>
    <geometry id="立方体_003-mesh" name="立方体.003">
      <mesh>
        <source id="立方体_003-mesh-positions">
          <float_array id="立方体_003-mesh-positions-array" count="54">-1 -1 -1 -1 -1 1 -1 1 -1 -1 1 1 1 -1 -1 1 -1 1 1 1 -1 1 1 1 -1 -1 3 -1 1 3 1 -1 3 1 1 3 -7.65 -1 -1 -7.65 -1 1 -7.65 1 -1 -7.65 1 1 -7.65 -1 3 -7.65 1 3</float_array>
          <technique_common>
            <accessor source="#立方体_003-mesh-positions-array" count="18" stride="3">
              <param name="X" type="float"/>
              <param name="Y" type="float"/>
              <param name="Z" type="float"/>
            </accessor>
          </technique_common>
        </source>
        <source id="立方体_003-mesh-normals">
          <float_array id="立方体_003-mesh-normals-array" count="78">-1 0 0 0 1 0 1 0 0 0 -1 0 0 0 -1 0 0 1 0 1 0 -1 0 0 0 -1 0 0 -1 0 0 1 0 0 1 0 0 -1 0 -1 0 0 0 1 0 1 0 0 0 -1 0 0 0 -1 0 0 1 0 1 0 -1 0 0 0 -1 0 0 -1 0 0 1 0 0 1 0 0 -1 0</float_array>
          <technique_common>
            <accessor source="#立方体_003-mesh-normals-array" count="26" stride="3">
              <param name="X" type="float"/>
              <param name="Y" type="float"/>
              <param name="Z" type="float"/>
            </accessor>
          </technique_common>
        </source>
        <source id="立方体_003-mesh-map-0">
          <float_array id="立方体_003-mesh-map-0-array" count="156">0.625 0 0.375 0.25 0.375 0 0.625 0.25 0.375 0.5 0.375 0.25 0.625 0.5 0.375 0.75 0.375 0.5 0.625 0.75 0.375 1 0.375 0.75 0.375 0.5 0.125 0.75 0.125 0.5 0.875 0.5 0.625 0.75 0.625 0.5 0.625 1 0.625 0.75 0.625 0.75 0.625 0.75 0.625 0.5 0.625 0.5 0.625 0.5 0.625 0.25 0.625 0.25 0.625 0.25 0.625 0.25 0.625 0.25 0.625 1 0.625 1 0.625 1 0.375 0.25 0.625 0.25 0.625 0.25 0.625 0 0.375 0 0.375 0 0.625 0 0.625 0.25 0.375 0.25 0.625 0.25 0.625 0.5 0.375 0.5 0.625 0.5 0.625 0.75 0.375 0.75 0.625 0.75 0.625 1 0.375 1 0.375 0.5 0.375 0.75 0.125 0.75 0.875 0.5 0.875 0.75 0.625 0.75 0.625 1 0.625 1 0.625 0.75 0.625 0.75 0.625 0.75 0.625 0.5 0.625 0.5 0.625 0.5 0.625 0.25 0.625 0.25 0.625 0.25 0.625 0.25 0.625 1 0.625 1 0.625 1 0.375 0.25 0.375 0.25 0.625 0.25 0.625 0 0.625 0 0.375 0</float_array>
          <technique_common>
            <accessor source="#立方体_003-mesh-map-0-array" count="78" stride="2">
              <param name="S" type="float"/>
              <param name="T" type="float"/>
            </accessor>
          </technique_common>
        </source>
        <vertices id="立方体_003-mesh-vertices">
          <input semantic="POSITION" source="#立方体_003-mesh-positions"/>
        </vertices>
        <triangles count="26">
          <input semantic="VERTEX" source="#立方体_003-mesh-vertices" offset="0"/>
          <input semantic="NORMAL" source="#立方体_003-mesh-normals" offset="1"/>
          <input semantic="TEXCOORD" source="#立方体_003-mesh-map-0" offset="2" set="0"/>
          <p>1 0 0 2 0 1 0 0 2 3 1 3 6 1 4 2 1 5 7 2 6 4 2 7 6 2 8 5 3 9 0 3 10 4 3 11 6 4 12 0 4 13 2 4 14 3 5 15 5 5 16 7 5 17 1 6 18 10 6 19 5 6 20 5 7 21 11 7 22 7 7 23 7 8 24 9 8 25 3 8 26 9 9 27 15 9 28 3 9 29 1 10 30 16 10 31 8 10 32 2 11 33 15 11 34 3 11 35 1 12 36 12 12 37 0 12 38 1 13 39 3 13 40 2 13 41 3 14 42 7 14 43 6 14 44 7 15 45 5 15 46 4 15 47 5 16 48 1 16 49 0 16 50 6 17 51 4 17 52 0 17 53 3 18 54 1 18 55 5 18 56 1 19 57 8 19 58 10 19 59 5 20 60 10 20 61 11 20 62 7 21 63 11 21 64 9 21 65 9 22 66 17 22 67 15 22 68 1 23 69 13 23 70 16 23 71 2 24 72 14 24 73 15 24 74 1 25 75 13 25 76 12 25 77</p>
        </triangles>
      </mesh>
    </geometry>
    <geometry id="平面_035-mesh" name="平面.035">
      <mesh>
        <source id="平面_035-mesh-positions">
          <float_array id="平面_035-mesh-positions-array" count="75">-1 -1 0 1 -1 0 1 1 0 -1 -1 0 1 1 0 -1 1 0 1 1 0 -1 -1 0 1 -1 0 1 1 0 -1 1 0 1 1 0 -1 -1 0 1 -1 0 1 -1 0 -1 -1 0 -1 -1 0 1 1 0 1.000122 0.9965649 0.011608 -0.9984287 -1.007386 0.01935529 -0.9984287 -1.007386 0.01935529 1 -1 0 -0.9998776 0.9965649 0.011608 1 -1 0 1 -1 0</float_array>
          <technique_common>
            <accessor source="#平面_035-mesh-positions-array" count="25" stride="3">
              <param name="X" type="float"/>
              <param name="Y" type="float"/>
              <param name="Z" type="float"/>
            </accessor>
          </technique_common>
        </source>
        <source id="平面_035-mesh-normals">
          <float_array id="平面_035-mesh-normals-array" count="63">0 0 1 0 0 1 0 0 1 0 0 1 0 0 1 0 0 1 0 0 1 0 -0.9588959 -0.2837583 0 0 1 0 0 1 0 0 1 0 0 1 0 0 1 0 0 1 0 0 1 0 0 1 0 0 1 0 0 1 0 0 1 0 0 1 0 -0.9588959 -0.2837583</float_array>
          <technique_common>
            <accessor source="#平面_035-mesh-normals-array" count="21" stride="3">
              <param name="X" type="float"/>
              <param name="Y" type="float"/>
              <param name="Z" type="float"/>
            </accessor>
          </technique_common>
        </source>
        <source id="平面_035-mesh-map-0">
          <float_array id="平面_035-mesh-map-0-array" count="126">0 1 1 0 1 1 0 0 0 0 1 0 1 0 1 1 1 1 1 1 0 1 0 1 1 1 1 1 1 1 1 0 1 0 1 0 0 0 0 0 0 0 1 1 0 1 0 1 0 1 0 0 0 0 0 1 0 0 1 0 1 1 1 1 0 1 1 0 1 0 1 0 0 0 0 0 0 0 0 0 0 0 0 0 1 0 1 0 0 0 1 0 1 0 1 1 1 1 1 1 0 1 1 1 1 1 1 1 1 0 1 0 1 0 0 0 0 0 0 0 1 1 1 1 0 1</float_array>
          <technique_common>
            <accessor source="#平面_035-mesh-map-0-array" count="63" stride="2">
              <param name="S" type="float"/>
              <param name="T" type="float"/>
            </accessor>
          </technique_common>
        </source>
        <vertices id="平面_035-mesh-vertices">
          <input semantic="POSITION" source="#平面_035-mesh-positions"/>
        </vertices>
        <triangles count="21">
          <input semantic="VERTEX" source="#平面_035-mesh-vertices" offset="0"/>
          <input semantic="NORMAL" source="#平面_035-mesh-normals" offset="1"/>
          <input semantic="TEXCOORD" source="#平面_035-mesh-map-0" offset="2" set="0"/>
          <p>5 0 0 1 0 1 2 0 2 0 1 3 3 1 4 14 1 5 1 2 6 9 2 7 2 2 8 6 3 9 10 3 10 5 3 11 2 4 12 4 4 13 6 4 14 1 5 15 24 5 16 8 5 17 3 6 18 20 6 19 7 6 20 11 7 21 22 7 22 10 7 23 5 8 24 12 8 25 0 8 26 5 9 27 0 9 28 1 9 29 2 10 30 6 10 31 5 10 32 14 11 33 13 11 34 1 11 35 0 12 36 15 12 37 16 12 38 0 13 39 16 13 40 3 13 41 14 14 42 1 14 43 0 14 44 1 15 45 8 15 46 9 15 47 6 16 48 11 16 49 10 16 50 2 17 51 17 17 52 4 17 53 1 18 54 23 18 55 24 18 56 3 19 57 19 19 58 20 19 59 11 20 60 18 20 61 22 20 62</p>
        </triangles>
      </mesh>
    </geometry>
    <geometry id="立方体_002-mesh" name="立方体.002">
      <mesh>
        <source id="立方体_002-mesh-positions">
          <float_array id="立方体_002-mesh-positions-array" count="24">-1 -1 -1 -1 -1 1 -1 1 -1 -1 1 1 1 -1 -1 1 -1 1 1 1 -1 1 1 1</float_array>
          <technique_common>
            <accessor source="#立方体_002-mesh-positions-array" count="8" stride="3">
              <param name="X" type="float"/>
              <param name="Y" type="float"/>
              <param name="Z" type="float"/>
            </accessor>
          </technique_common>
        </source>
        <source id="立方体_002-mesh-normals">
          <float_array id="立方体_002-mesh-normals-array" count="36">-1 0 0 0 1 0 1 0 0 0 -1 0 0 0 -1 0 0 1 -1 0 0 0 1 0 1 0 0 0 -1 0 0 0 -1 0 0 1</float_array>
          <technique_common>
            <accessor source="#立方体_002-mesh-normals-array" count="12" stride="3">
              <param name="X" type="float"/>
              <param name="Y" type="float"/>
              <param name="Z" type="float"/>
            </accessor>
          </technique_common>
        </source>
        <source id="立方体_002-mesh-map-0">
          <float_array id="立方体_002-mesh-map-0-array" count="72">0.625 0 0.375 0.25 0.375 0 0.625 0.25 0.375 0.5 0.375 0.25 0.625 0.5 0.375 0.75 0.375 0.5 0.625 0.75 0.375 1 0.375 0.75 0.375 0.5 0.125 0.75 0.125 0.5 0.875 0.5 0.625 0.75 0.625 0.5 0.625 0 0.625 0.25 0.375 0.25 0.625 0.25 0.625 0.5 0.375 0.5 0.625 0.5 0.625 0.75 0.375 0.75 0.625 0.75 0.625 1 0.375 1 0.375 0.5 0.375 0.75 0.125 0.75 0.875 0.5 0.875 0.75 0.625 0.75</float_array>
          <technique_common>
            <accessor source="#立方体_002-mesh-map-0-array" count="36" stride="2">
              <param name="S" type="float"/>
              <param name="T" type="float"/>
            </accessor>
          </technique_common>
        </source>
        <vertices id="立方体_002-mesh-vertices">
          <input semantic="POSITION" source="#立方体_002-mesh-positions"/>
        </vertices>
        <triangles count="12">
          <input semantic="VERTEX" source="#立方体_002-mesh-vertices" offset="0"/>
          <input semantic="NORMAL" source="#立方体_002-mesh-normals" offset="1"/>
          <input semantic="TEXCOORD" source="#立方体_002-mesh-map-0" offset="2" set="0"/>
          <p>1 0 0 2 0 1 0 0 2 3 1 3 6 1 4 2 1 5 7 2 6 4 2 7 6 2 8 5 3 9 0 3 10 4 3 11 6 4 12 0 4 13 2 4 14 3 5 15 5 5 16 7 5 17 1 6 18 3 6 19 2 6 20 3 7 21 7 7 22 6 7 23 7 8 24 5 8 25 4 8 26 5 9 27 1 9 28 0 9 29 6 10 30 4 10 31 0 10 32 3 11 33 1 11 34 5 11 35</p>
        </triangles>
      </mesh>
    </geometry>
    <geometry id="立方体_001-mesh" name="立方体.001">
      <mesh>
        <source id="立方体_001-mesh-positions">
          <float_array id="立方体_001-mesh-positions-array" count="24">-1 -1 -1 -1 -1 1 -1 1 -1 -1 1 1 1 -1 -1 1 -1 1 1 1 -1 1 1 1</float_array>
          <technique_common>
            <accessor source="#立方体_001-mesh-positions-array" count="8" stride="3">
              <param name="X" type="float"/>
              <param name="Y" type="float"/>
              <param name="Z" type="float"/>
            </accessor>
          </technique_common>
        </source>
        <source id="立方体_001-mesh-normals">
          <float_array id="立方体_001-mesh-normals-array" count="36">-1 0 0 0 1 0 1 0 0 0 -1 0 0 0 -1 0 0 1 -1 0 0 0 1 0 1 0 0 0 -1 0 0 0 -1 0 0 1</float_array>
          <technique_common>
            <accessor source="#立方体_001-mesh-normals-array" count="12" stride="3">
              <param name="X" type="float"/>
              <param name="Y" type="float"/>
              <param name="Z" type="float"/>
            </accessor>
          </technique_common>
        </source>
        <source id="立方体_001-mesh-map-0">
          <float_array id="立方体_001-mesh-map-0-array" count="72">0.625 0 0.375 0.25 0.375 0 0.625 0.25 0.375 0.5 0.375 0.25 0.625 0.5 0.375 0.75 0.375 0.5 0.625 0.75 0.375 1 0.375 0.75 0.375 0.5 0.125 0.75 0.125 0.5 0.875 0.5 0.625 0.75 0.625 0.5 0.625 0 0.625 0.25 0.375 0.25 0.625 0.25 0.625 0.5 0.375 0.5 0.625 0.5 0.625 0.75 0.375 0.75 0.625 0.75 0.625 1 0.375 1 0.375 0.5 0.375 0.75 0.125 0.75 0.875 0.5 0.875 0.75 0.625 0.75</float_array>
          <technique_common>
            <accessor source="#立方体_001-mesh-map-0-array" count="36" stride="2">
              <param name="S" type="float"/>
              <param name="T" type="float"/>
            </accessor>
          </technique_common>
        </source>
        <vertices id="立方体_001-mesh-vertices">
          <input semantic="POSITION" source="#立方体_001-mesh-positions"/>
        </vertices>
        <triangles count="12">
          <input semantic="VERTEX" source="#立方体_001-mesh-vertices" offset="0"/>
          <input semantic="NORMAL" source="#立方体_001-mesh-normals" offset="1"/>
          <input semantic="TEXCOORD" source="#立方体_001-mesh-map-0" offset="2" set="0"/>
          <p>1 0 0 2 0 1 0 0 2 3 1 3 6 1 4 2 1 5 7 2 6 4 2 7 6 2 8 5 3 9 0 3 10 4 3 11 6 4 12 0 4 13 2 4 14 3 5 15 5 5 16 7 5 17 1 6 18 3 6 19 2 6 20 3 7 21 7 7 22 6 7 23 7 8 24 5 8 25 4 8 26 5 9 27 1 9 28 0 9 29 6 10 30 4 10 31 0 10 32 3 11 33 1 11 34 5 11 35</p>
        </triangles>
      </mesh>
    </geometry>
    <geometry id="立方体-mesh" name="立方体">
      <mesh>
        <source id="立方体-mesh-positions">
          <float_array id="立方体-mesh-positions-array" count="24">-1 -1 -1 -1 -1 1 -1 1 -1 -1 1 1 1 -1 -1 1 -1 1 1 1 -1 1 1 1</float_array>
          <technique_common>
            <accessor source="#立方体-mesh-positions-array" count="8" stride="3">
              <param name="X" type="float"/>
              <param name="Y" type="float"/>
              <param name="Z" type="float"/>
            </accessor>
          </technique_common>
        </source>
        <source id="立方体-mesh-normals">
          <float_array id="立方体-mesh-normals-array" count="36">-1 0 0 0 1 0 1 0 0 0 -1 0 0 0 -1 0 0 1 -1 0 0 0 1 0 1 0 0 0 -1 0 0 0 -1 0 0 1</float_array>
          <technique_common>
            <accessor source="#立方体-mesh-normals-array" count="12" stride="3">
              <param name="X" type="float"/>
              <param name="Y" type="float"/>
              <param name="Z" type="float"/>
            </accessor>
          </technique_common>
        </source>
        <source id="立方体-mesh-map-0">
          <float_array id="立方体-mesh-map-0-array" count="72">0.625 0 0.375 0.25 0.375 0 0.625 0.25 0.375 0.5 0.375 0.25 0.625 0.5 0.375 0.75 0.375 0.5 0.625 0.75 0.375 1 0.375 0.75 0.375 0.5 0.125 0.75 0.125 0.5 0.875 0.5 0.625 0.75 0.625 0.5 0.625 0 0.625 0.25 0.375 0.25 0.625 0.25 0.625 0.5 0.375 0.5 0.625 0.5 0.625 0.75 0.375 0.75 0.625 0.75 0.625 1 0.375 1 0.375 0.5 0.375 0.75 0.125 0.75 0.875 0.5 0.875 0.75 0.625 0.75</float_array>
          <technique_common>
            <accessor source="#立方体-mesh-map-0-array" count="36" stride="2">
              <param name="S" type="float"/>
              <param name="T" type="float"/>
            </accessor>
          </technique_common>
        </source>
        <vertices id="立方体-mesh-vertices">
          <input semantic="POSITION" source="#立方体-mesh-positions"/>
        </vertices>
        <triangles count="12">
          <input semantic="VERTEX" source="#立方体-mesh-vertices" offset="0"/>
          <input semantic="NORMAL" source="#立方体-mesh-normals" offset="1"/>
          <input semantic="TEXCOORD" source="#立方体-mesh-map-0" offset="2" set="0"/>
          <p>1 0 0 2 0 1 0 0 2 3 1 3 6 1 4 2 1 5 7 2 6 4 2 7 6 2 8 5 3 9 0 3 10 4 3 11 6 4 12 0 4 13 2 4 14 3 5 15 5 5 16 7 5 17 1 6 18 3 6 19 2 6 20 3 7 21 7 7 22 6 7 23 7 8 24 5 8 25 4 8 26 5 9 27 1 9 28 0 9 29 6 10 30 4 10 31 0 10 32 3 11 33 1 11 34 5 11 35</p>
        </triangles>
      </mesh>
    </geometry>
    <geometry id="平面-mesh" name="平面">
      <mesh>
        <source id="平面-mesh-positions">
          <float_array id="平面-mesh-positions-array" count="24">-1 -1 0 1 -1 0 -1 1 0 1 1 0 -1 -1 3 1 -1 3 -1 1 3 1 1 3</float_array>
          <technique_common>
            <accessor source="#平面-mesh-positions-array" count="8" stride="3">
              <param name="X" type="float"/>
              <param name="Y" type="float"/>
              <param name="Z" type="float"/>
            </accessor>
          </technique_common>
        </source>
        <source id="平面-mesh-normals">
          <float_array id="平面-mesh-normals-array" count="30">0 0 1 0 -1 0 0 1 0 -1 0 0 1 0 0 0 0 1 0 -1 0 0 1 0 -1 0 0 1 0 0</float_array>
          <technique_common>
            <accessor source="#平面-mesh-normals-array" count="10" stride="3">
              <param name="X" type="float"/>
              <param name="Y" type="float"/>
              <param name="Z" type="float"/>
            </accessor>
          </technique_common>
        </source>
        <source id="平面-mesh-map-0">
          <float_array id="平面-mesh-map-0-array" count="60">1 0 0 1 0 0 1 1 0 1 0 1 0 0 1 0 1 0 1 0 1 1 1 1 0 1 0 0 0 0 1 0 1 1 0 1 1 1 1 1 0 1 0 0 0 0 1 0 1 0 1 0 1 1 0 1 0 1 0 0</float_array>
          <technique_common>
            <accessor source="#平面-mesh-map-0-array" count="30" stride="2">
              <param name="S" type="float"/>
              <param name="T" type="float"/>
            </accessor>
          </technique_common>
        </source>
        <vertices id="平面-mesh-vertices">
          <input semantic="POSITION" source="#平面-mesh-positions"/>
        </vertices>
        <triangles count="10">
          <input semantic="VERTEX" source="#平面-mesh-vertices" offset="0"/>
          <input semantic="NORMAL" source="#平面-mesh-normals" offset="1"/>
          <input semantic="TEXCOORD" source="#平面-mesh-map-0" offset="2" set="0"/>
          <p>1 0 0 2 0 1 0 0 2 3 1 3 6 1 4 2 1 5 0 2 6 5 2 7 1 2 8 1 3 9 7 3 10 3 3 11 2 4 12 4 4 13 0 4 14 1 5 15 3 5 16 2 5 17 3 6 18 7 6 19 6 6 20 0 7 21 4 7 22 5 7 23 1 8 24 5 8 25 7 8 26 2 9 27 6 9 28 4 9 29</p>
        </triangles>
      </mesh>
    </geometry>
  </library_geometries>
  <library_visual_scenes>
    <visual_scene id="Scene" name="Scene">
      <node id="Cube" name="Cube" type="NODE">
        <matrix sid="transform">15.25 0 0 0 0 15.25 0 0 0 0 0.1 9.1 0 0 0 1</matrix>
        <instance_geometry url="#Cube-mesh" name="Cube"/>
      </node>
      <node id="平面_016" name="平面.016" type="NODE">
        <matrix sid="transform">1.5 0 0 6.5 0 3.25 0 9 0 0 1 7.5 0 0 0 1</matrix>
        <instance_geometry url="#平面_014-mesh" name="平面.016"/>
      </node>
      <node id="立方体_054" name="立方体.054" type="NODE">
        <matrix sid="transform">-6.55671e-7 -0.1 0 -15.1 15 -4.37114e-9 0 0 0 0 4.5 4.5 0 0 0 1</matrix>
        <instance_geometry url="#立方体_054-mesh" name="立方体.054"/>
      </node>
      <node id="立方体_053" name="立方体.053" type="NODE">
        <matrix sid="transform">-6.55671e-7 -0.1 0 15.1 15 -4.37114e-9 0 0 0 0 4.5 4.5 0 0 0 1</matrix>
        <instance_geometry url="#立方体_033-mesh" name="立方体.053"/>
      </node>
      <node id="立方体_032" name="立方体.032" type="NODE">
        <matrix sid="transform">15.25 0 0 0 0 0.1 0 -15.1 0 0 4.5 4.5 0 0 0 1</matrix>
        <instance_geometry url="#立方体_017-mesh" name="立方体.032"/>
      </node>
      <node id="立方体_016" name="立方体.016" type="NODE">
        <matrix sid="transform">15.25 0 0 0 0 0.1 0 15.1 0 0 4.5 4.5 0 0 0 1</matrix>
        <instance_geometry url="#立方体_011-mesh" name="立方体.016"/>
      </node>
      <node id="平面_014" name="平面.014" type="NODE">
        <matrix sid="transform">1.5 0 0 6.5 0 3.25 0 9 0 0 1 4.5 0 0 0 1</matrix>
        <instance_geometry url="#平面_012-mesh" name="平面.014"/>
      </node>
      <node id="立方体_048" name="立方体.048" type="NODE">
        <matrix sid="transform">1 0 0 -10 0 1 0 -8 0 0 1.5 7.5 0 0 0 1</matrix>
        <instance_geometry url="#立方体_049-mesh" name="立方体.048"/>
      </node>
      <node id="立方体_049" name="立方体.049" type="NODE">
        <matrix sid="transform">1 0 0 -5 0 1 0 -8 0 0 1.5 7.5 0 0 0 1</matrix>
        <instance_geometry url="#立方体_050-mesh" name="立方体.049"/>
      </node>
      <node id="立方体_050" name="立方体.050" type="NODE">
        <matrix sid="transform">1 0 0 10 0 1 0 -8 0 0 1.5 7.5 0 0 0 1</matrix>
        <instance_geometry url="#立方体_051-mesh" name="立方体.050"/>
      </node>
      <node id="立方体_051" name="立方体.051" type="NODE">
        <matrix sid="transform">1 0 0 5 0 1 0 -8 0 0 1.5 7.5 0 0 0 1</matrix>
        <instance_geometry url="#立方体_052-mesh" name="立方体.051"/>
      </node>
      <node id="立方体_052" name="立方体.052" type="NODE">
        <matrix sid="transform">1 0 0 0 0 1 0 -8 0 0 1.5 7.5 0 0 0 1</matrix>
        <instance_geometry url="#立方体_053-mesh" name="立方体.052"/>
      </node>
      <node id="立方体_043" name="立方体.043" type="NODE">
        <matrix sid="transform">1 0 0 -10 0 1 0 -3 0 0 1.5 7.5 0 0 0 1</matrix>
        <instance_geometry url="#立方体_044-mesh" name="立方体.043"/>
      </node>
      <node id="立方体_044" name="立方体.044" type="NODE">
        <matrix sid="transform">1 0 0 -5 0 1 0 -3 0 0 1.5 7.5 0 0 0 1</matrix>
        <instance_geometry url="#立方体_045-mesh" name="立方体.044"/>
      </node>
      <node id="立方体_045" name="立方体.045" type="NODE">
        <matrix sid="transform">1 0 0 10 0 1 0 -3 0 0 1.5 7.5 0 0 0 1</matrix>
        <instance_geometry url="#立方体_046-mesh" name="立方体.045"/>
      </node>
      <node id="立方体_046" name="立方体.046" type="NODE">
        <matrix sid="transform">1 0 0 5 0 1 0 -3 0 0 1.5 7.5 0 0 0 1</matrix>
        <instance_geometry url="#立方体_047-mesh" name="立方体.046"/>
      </node>
      <node id="立方体_047" name="立方体.047" type="NODE">
        <matrix sid="transform">1 0 0 0 0 1 0 -3 0 0 1.5 7.5 0 0 0 1</matrix>
        <instance_geometry url="#立方体_048-mesh" name="立方体.047"/>
      </node>
      <node id="立方体_042" name="立方体.042" type="NODE">
        <matrix sid="transform">1 0 0 -10 0 1 0 1.75 0 0 1.5 7.5 0 0 0 1</matrix>
        <instance_geometry url="#立方体_043-mesh" name="立方体.042"/>
      </node>
      <node id="立方体_041" name="立方体.041" type="NODE">
        <matrix sid="transform">1 0 0 -5 0 1 0 1.75 0 0 1.5 7.5 0 0 0 1</matrix>
        <instance_geometry url="#立方体_042-mesh" name="立方体.041"/>
      </node>
      <node id="立方体_040" name="立方体.040" type="NODE">
        <matrix sid="transform">1 0 0 10 0 1 0 1.75 0 0 1.5 7.5 0 0 0 1</matrix>
        <instance_geometry url="#立方体_041-mesh" name="立方体.040"/>
      </node>
      <node id="立方体_039" name="立方体.039" type="NODE">
        <matrix sid="transform">1 0 0 5 0 1 0 1.75 0 0 1.5 7.5 0 0 0 1</matrix>
        <instance_geometry url="#立方体_040-mesh" name="立方体.039"/>
      </node>
      <node id="立方体_038" name="立方体.038" type="NODE">
        <matrix sid="transform">1 0 0 0 0 1 0 1.75 0 0 1.5 7.5 0 0 0 1</matrix>
        <instance_geometry url="#立方体_039-mesh" name="立方体.038"/>
      </node>
      <node id="立方体_037" name="立方体.037" type="NODE">
        <matrix sid="transform">-6.513e-7 -0.05 0 14.95 14.9 -2.18557e-9 0 0 0 0 1.5 7.5 0 0 0 1</matrix>
        <instance_geometry url="#立方体_038-mesh" name="立方体.037"/>
      </node>
      <node id="立方体_036" name="立方体.036" type="NODE">
        <matrix sid="transform">15 0 0 0 0 0.05 0 -14.95 0 0 1.5 7.5 0 0 0 1</matrix>
        <instance_geometry url="#立方体_037-mesh" name="立方体.036"/>
      </node>
      <node id="立方体_035" name="立方体.035" type="NODE">
        <matrix sid="transform">15 0 0 0 0 0.05 0 14.95 0 0 1.5 7.5 0 0 0 1</matrix>
        <instance_geometry url="#立方体_036-mesh" name="立方体.035"/>
      </node>
      <node id="立方体_034" name="立方体.034" type="NODE">
        <matrix sid="transform">-6.513e-7 -0.05 0 -14.95 14.9 -2.18557e-9 0 0 0 0 1.5 7.5 0 0 0 1</matrix>
        <instance_geometry url="#立方体_035-mesh" name="立方体.034"/>
      </node>
      <node id="平面_013" name="平面.013" type="NODE">
        <matrix sid="transform">15 0 0 0 0 1.375 0 13.625 0 0 1 6 0 0 0 1</matrix>
        <instance_geometry url="#平面_011-mesh" name="平面.013"/>
      </node>
      <node id="平面_012" name="平面.012" type="NODE">
        <matrix sid="transform">3.5 0 0 11.5 0 3.25 0 9 0 0 1 6 0 0 0 1</matrix>
        <instance_geometry url="#平面_010-mesh" name="平面.012"/>
      </node>
      <node id="平面_011" name="平面.011" type="NODE">
        <matrix sid="transform">15 0 0 0 0 10.375 0 -4.625 0 0 1 6 0 0 0 1</matrix>
        <instance_geometry url="#平面_009-mesh" name="平面.011"/>
      </node>
      <node id="立方体_033" name="立方体.033" type="NODE">
        <matrix sid="transform">5 0 0 0 0 0.25 0 9 0 0 1.5 7.5 0 0 0 1</matrix>
        <instance_geometry url="#立方体_034-mesh" name="立方体.033"/>
      </node>
      <node id="平面_010" name="平面.010" type="NODE">
        <matrix sid="transform">4.99453 0 -0.1478094 0 0 1.494481 0 10.7 0.7464374 0 0.9890159 6.75 0 0 0 1</matrix>
        <instance_geometry url="#平面_008-mesh" name="平面.010"/>
      </node>
      <node id="平面_009" name="平面.009" type="NODE">
        <matrix sid="transform">5 0 0 -10 0 3.25 0 9 0 0 1 6 0 0 0 1</matrix>
        <instance_geometry url="#平面_007-mesh" name="平面.009"/>
      </node>
      <node id="立方体_031" name="立方体.031" type="NODE">
        <matrix sid="transform">1.5 0 0 -6.5 0 0.05 0 12.2 0 0 1.5 4.5 0 0 0 1</matrix>
        <instance_geometry url="#立方体_032-mesh" name="立方体.031"/>
      </node>
      <node id="立方体_030" name="立方体.030" type="NODE">
        <matrix sid="transform">-6.513e-7 -0.05 0 14.95 14.9 -2.18557e-9 0 0 0 0 1.5 4.5 0 0 0 1</matrix>
        <instance_geometry url="#立方体_031-mesh" name="立方体.030"/>
      </node>
      <node id="立方体_029" name="立方体.029" type="NODE">
        <matrix sid="transform">-6.513e-7 -0.05 0 -14.95 14.9 -2.18557e-9 0 0 0 0 1.5 4.5 0 0 0 1</matrix>
        <instance_geometry url="#立方体_030-mesh" name="立方体.029"/>
      </node>
      <node id="立方体_028" name="立方体.028" type="NODE">
        <matrix sid="transform">15 0 0 0 0 0.05 0 -14.95 0 0 1.5 4.5 0 0 0 1</matrix>
        <instance_geometry url="#立方体_029-mesh" name="立方体.028"/>
      </node>
      <node id="立方体_027" name="立方体.027" type="NODE">
        <matrix sid="transform">15 0 0 0 0 0.05 0 14.95 0 0 1.5 4.5 0 0 0 1</matrix>
        <instance_geometry url="#立方体_028-mesh" name="立方体.027"/>
      </node>
      <node id="立方体_026" name="立方体.026" type="NODE">
        <matrix sid="transform">8.25 0 0 0 0 0.5 0 -10.75 0 0 1.5 4.5 0 0 0 1</matrix>
        <instance_geometry url="#立方体_027-mesh" name="立方体.026"/>
      </node>
      <node id="立方体_025" name="立方体.025" type="NODE">
        <matrix sid="transform">-5.35464e-7 -0.25 0 -11.5 12.25 -1.09278e-8 0 0 0 0 1.5 4.5 0 0 0 1</matrix>
        <instance_geometry url="#立方体_026-mesh" name="立方体.025"/>
      </node>
      <node id="立方体_024" name="立方体.024" type="NODE">
        <matrix sid="transform">9.75 0 0 1.25 0 0.5 0 -6.25 0 0 1.5 4.5 0 0 0 1</matrix>
        <instance_geometry url="#立方体_025-mesh" name="立方体.024"/>
      </node>
      <node id="立方体_023" name="立方体.023" type="NODE">
        <matrix sid="transform">-5.35464e-7 -0.5 0 11.5 12.25 -2.18557e-8 0 0 0 0 1.5 4.5 0 0 0 1</matrix>
        <instance_geometry url="#立方体_024-mesh" name="立方体.023"/>
      </node>
      <node id="立方体_022" name="立方体.022" type="NODE">
        <matrix sid="transform">6.5 0 0 1.5 0 0.5 0 -2.25 0 0 1.5 4.5 0 0 0 1</matrix>
        <instance_geometry url="#立方体_023-mesh" name="立方体.022"/>
      </node>
      <node id="立方体_021" name="立方体.021" type="NODE">
        <matrix sid="transform">-6.55671e-8 -0.25 0 7.75 1.5 -1.09278e-8 0 4.25 0 0 1.5 4.5 0 0 0 1</matrix>
        <instance_geometry url="#立方体_022-mesh" name="立方体.021"/>
      </node>
      <node id="立方体_020" name="立方体.020" type="NODE">
        <matrix sid="transform">6.5 0 0 1.5 0 0.5 0 2.25 0 0 1.5 4.5 0 0 0 1</matrix>
        <instance_geometry url="#立方体_021-mesh" name="立方体.020"/>
      </node>
      <node id="立方体_019" name="立方体.019" type="NODE">
        <matrix sid="transform">-2.62268e-7 -0.25 0 -8.25 6 -1.09278e-8 0 3.25 0 0 1.5 4.5 0 0 0 1</matrix>
        <instance_geometry url="#立方体_020-mesh" name="立方体.019"/>
      </node>
      <node id="立方体_018" name="立方体.018" type="NODE">
        <matrix sid="transform">1.5 0 0 -6.5 0 0.25 0 9 0 0 1.5 4.5 0 0 0 1</matrix>
        <instance_geometry url="#立方体_019-mesh" name="立方体.018"/>
      </node>
      <node id="立方体_017" name="立方体.017" type="NODE">
        <matrix sid="transform">5 0 0 0 0 0.25 0 9 0 0 1.5 4.5 0 0 0 1</matrix>
        <instance_geometry url="#立方体_018-mesh" name="立方体.017"/>
      </node>
      <node id="平面_008" name="平面.008" type="NODE">
        <matrix sid="transform">4.99453 0 0.1478094 0 0 1.5 0 7.25 -0.7464374 0 0.9890159 5.25 0 0 0 1</matrix>
        <instance_geometry url="#平面_006-mesh" name="平面.008"/>
      </node>
      <node id="平面_007" name="平面.007" type="NODE">
        <matrix sid="transform">4.99453 0 -0.1478094 0 0 1.494481 0 10.7 0.7464374 0 0.9890159 3.75 0 0 0 1</matrix>
        <instance_geometry url="#平面_005-mesh" name="平面.007"/>
      </node>
      <node id="平面_006" name="平面.006" type="NODE">
        <matrix sid="transform">15 0 0 0 0 1.375 0 13.625 0 0 1 3 0 0 0 1</matrix>
        <instance_geometry url="#平面_004-mesh" name="平面.006"/>
      </node>
      <node id="平面_005" name="平面.005" type="NODE">
        <matrix sid="transform">3.5 0 0 11.5 0 3.25 0 9 0 0 1 3 0 0 0 1</matrix>
        <instance_geometry url="#平面_003-mesh" name="平面.005"/>
      </node>
      <node id="平面_004" name="平面.004" type="NODE">
        <matrix sid="transform">15 0 0 0 0 10.375 0 -4.625 0 0 1 3 0 0 0 1</matrix>
        <instance_geometry url="#平面_002-mesh" name="平面.004"/>
      </node>
      <node id="平面_003" name="平面.003" type="NODE">
        <matrix sid="transform">5 0 0 -10 0 3.25 0 9 0 0 1 3 0 0 0 1</matrix>
        <instance_geometry url="#平面_001-mesh" name="平面.003"/>
      </node>
      <node id="立方体_015" name="立方体.015" type="NODE">
        <matrix sid="transform">2.75 0 0 -9.25 0 0.5 0 -11.75 0 0 1.5 1.5 0 0 0 1</matrix>
        <instance_geometry url="#立方体_016-mesh" name="立方体.015"/>
      </node>
      <node id="立方体_014" name="立方体.014" type="NODE">
        <matrix sid="transform">2.75 0 0 9.25 0 0.5 0 -11.75 0 0 1.5 1.5 0 0 0 1</matrix>
        <instance_geometry url="#立方体_015-mesh" name="立方体.014"/>
      </node>
      <node id="立方体_013" name="立方体.013" type="NODE">
        <matrix sid="transform">8 0 0 0 0 1.25 0 -7 0 0 1.5 1.5 0 0 0 1</matrix>
        <instance_geometry url="#立方体_014-mesh" name="立方体.013"/>
      </node>
      <node id="立方体_012" name="立方体.012" type="NODE">
        <matrix sid="transform">3.5 0 0 0 0 0.5 0 -11.75 0 0 1.5 1.5 0 0 0 1</matrix>
        <instance_geometry url="#立方体_013-mesh" name="立方体.012"/>
      </node>
      <node id="立方体_011" name="立方体.011" type="NODE">
        <matrix sid="transform">-1.85773e-7 -0.5 0 11.5 4.25 -2.18557e-8 0 -7 0 0 1.5 1.5 0 0 0 1</matrix>
        <instance_geometry url="#立方体_012-mesh" name="立方体.011"/>
      </node>
      <node id="立方体_010" name="立方体.010" type="NODE">
        <matrix sid="transform">-1.85773e-7 -0.5 0 -11.5 4.25 -2.18557e-8 0 -7 0 0 1.5 1.5 0 0 0 1</matrix>
        <instance_geometry url="#立方体_010-mesh" name="立方体.010"/>
      </node>
      <node id="立方体_009" name="立方体.009" type="NODE">
        <matrix sid="transform">2.75 0 0 -9.25 0 0.5 0 -2.25 0 0 1.5 1.5 0 0 0 1</matrix>
        <instance_geometry url="#立方体_009-mesh" name="立方体.009"/>
      </node>
      <node id="立方体_008" name="立方体.008" type="NODE">
        <matrix sid="transform">2.75 0 0 9.25 0 0.5 0 -2.25 0 0 1.5 1.5 0 0 0 1</matrix>
        <instance_geometry url="#立方体_008-mesh" name="立方体.008"/>
      </node>
      <node id="立方体_007" name="立方体.007" type="NODE">
        <matrix sid="transform">1 0 0 -10 0 3.25 0 9 0 0 1.5 1.5 0 0 0 1</matrix>
        <instance_geometry url="#立方体_007-mesh" name="立方体.007"/>
      </node>
      <node id="立方体_006" name="立方体.006" type="NODE">
        <matrix sid="transform">-2.29485e-7 -0.5 0 -11.5 5.25 -2.18557e-8 0 7 0 0 1.5 1.5 0 0 0 1</matrix>
        <instance_geometry url="#立方体_006-mesh" name="立方体.006"/>
      </node>
      <node id="立方体_005" name="立方体.005" type="NODE">
        <matrix sid="transform">-1.42062e-7 -0.5 0 -5.5 3.25 -2.18557e-8 0 6 0 0 1.5 1.5 0 0 0 1</matrix>
        <instance_geometry url="#立方体_005-mesh" name="立方体.005"/>
      </node>
      <node id="立方体_004" name="立方体.004" type="NODE">
        <matrix sid="transform">5 0 0 0 0 0.25 0 9 0 0 1.5 1.5 0 0 0 1</matrix>
        <instance_geometry url="#立方体_004-mesh" name="立方体.004"/>
      </node>
      <node id="平面_002" name="平面.002" type="NODE">
        <matrix sid="transform">4.99453 0 0.1478094 0 0 1.5 0 7.25 -0.7464374 0 0.9890159 2.25 0 0 0 1</matrix>
        <instance_geometry url="#平面_037-mesh" name="平面.002"/>
      </node>
      <node id="立方体_003" name="立方体.003" type="NODE">
        <matrix sid="transform">1.5 0 0 6.5 0 3.25 0 9 0 0 0.75 0.75 0 0 0 1</matrix>
        <instance_geometry url="#立方体_003-mesh" name="立方体.003"/>
      </node>
      <node id="平面_001" name="平面.001" type="NODE">
        <matrix sid="transform">4.99453 0 -0.1478094 0 0 1.494481 0 10.7 0.7464374 0 0.9890159 0.75 0 0 0 1</matrix>
        <instance_geometry url="#平面_035-mesh" name="平面.001"/>
      </node>
      <node id="立方体_002" name="立方体.002" type="NODE">
        <matrix sid="transform">-2.29485e-7 -0.5 0 11.5 5.25 -2.18557e-8 0 7 0 0 1.5 1.5 0 0 0 1</matrix>
        <instance_geometry url="#立方体_002-mesh" name="立方体.002"/>
      </node>
      <node id="立方体_001" name="立方体.001" type="NODE">
        <matrix sid="transform">3.5 0 0 0 0 0.5 0 -2.25 0 0 1.5 1.5 0 0 0 1</matrix>
        <instance_geometry url="#立方体_001-mesh" name="立方体.001"/>
      </node>
      <node id="立方体" name="立方体" type="NODE">
        <matrix sid="transform">8 0 0 0 0 0.5 0 2.25 0 0 1.5 1.5 0 0 0 1</matrix>
        <instance_geometry url="#立方体-mesh" name="立方体"/>
      </node>
      <node id="平面" name="平面" type="NODE">
        <matrix sid="transform">15 0 0 0 0 15 0 0 0 0 1 0 0 0 0 1</matrix>
        <instance_geometry url="#平面-mesh" name="平面"/>
      </node>
      <node id="Camera" name="Camera" type="NODE">
        <matrix sid="transform">0.6859207 -0.3240135 0.6515582 7.358891 0.7276763 0.3054208 -0.6141704 -6.925791 0 0.8953956 0.4452714 4.958309 0 0 0 1</matrix>
        <instance_camera url="#Camera-camera"/>
      </node>
      <node id="Light" name="Light" type="NODE">
        <matrix sid="transform">-0.2908646 -0.7711008 0.5663932 4.076245 0.9551712 -0.1998834 0.2183912 1.005454 -0.05518906 0.6045247 0.7946723 5.903862 0 0 0 1</matrix>
        <instance_light url="#Light-light"/>
      </node>
    </visual_scene>
  </library_visual_scenes>
  <scene>
    <instance_visual_scene url="#Scene"/>
  </scene>
</COLLADA>